Not Found: /static/images/gallery2.jpg
Not Found: /static/images/hero-cleaning.png
Not Found: /static/images/gallery3.jpg
Not Found: /static/images/about.jpg
Not Found: /static/images/gallery6.jpg
Not Found: /static/images/gallery4.jpg
Not Found: /static/images/logo.png
Not Found: /static/images/gallery1.jpg
Not Found: /static/images/gallery5.jpg
Not Found: /static/images/hero-bg.jpg
Not Found: /favicon.ico
Not Found: /static/images/about.jpg
Not Found: /static/images/hero-cleaning.png
Not Found: /static/images/gallery4.jpg
Not Found: /static/images/gallery3.jpg
Not Found: /static/images/gallery5.jpg
Not Found: /static/images/gallery6.jpg
Not Found: /static/images/logo.png
Not Found: /static/images/gallery1.jpg
Not Found: /static/images/gallery2.jpg
Not Found: /static/images/hero-bg.jpg
Not Found: /favicon.ico
Not Found: /static/images/gallery4.jpg
Not Found: /static/images/gallery1.jpg
Not Found: /static/images/gallery5.jpg
Not Found: /static/images/gallery6.jpg
Not Found: /static/images/gallery3.jpg
Not Found: /static/images/about.jpg
Not Found: /static/images/gallery2.jpg
Not Found: /static/images/hero-bg.jpg
Not Found: /static/images/hero-cleaning.png
Not Found: /static/images/about.jpg
Not Found: /static/images/gallery4.jpg
Not Found: /static/images/gallery3.jpg
Not Found: /static/images/gallery6.jpg
Not Found: /static/images/gallery5.jpg
Not Found: /static/images/gallery2.jpg
Not Found: /static/images/gallery1.jpg
Not Found: /static/images/hero-cleaning.png
Not Found: /static/images/hero-bg.jpg
Not Found: /favicon.ico
Not Found: /static/images/gallery3.jpg
Not Found: /static/images/gallery4.jpg
Not Found: /static/images/hero-cleaning.png
Not Found: /static/images/gallery1.jpg
Not Found: /static/images/gallery5.jpg
Not Found: /static/images/gallery6.jpg
Not Found: /static/images/about.jpg
Not Found: /static/images/gallery2.jpg
Not Found: /static/images/hero-bg.jpg
Not Found: /favicon.ico
Not Found: /static/images/gallery1.jpg
Not Found: /static/images/hero-cleaning.png
Not Found: /static/images/gallery4.jpg
Not Found: /static/images/about.jpg
Not Found: /static/images/gallery2.jpg
Not Found: /static/images/gallery3.jpg
Not Found: /static/images/gallery6.jpg
Not Found: /static/images/gallery5.jpg
Not Found: /static/images/hero-bg.jpg
Not Found: /favicon.ico
Not Found: /static/images/hero-cleaning.png
Not Found: /static/images/gallery1.jpg
Not Found: /static/images/gallery6.jpg
Not Found: /static/images/hero-bg.jpg
Not Found: /static/images/about.jpg
Not Found: /static/images/gallery4.jpg
Not Found: /static/images/gallery3.jpg
Not Found: /static/images/gallery5.jpg
Not Found: /static/images/gallery2.jpg
Not Found: /static/images/hero-cleaning.png
Not Found: /static/images/gallery5.jpg
Not Found: /static/images/about.jpg
Not Found: /static/images/gallery1.jpg
Not Found: /static/images/gallery4.jpg
Not Found: /static/images/gallery2.jpg
Not Found: /static/images/gallery6.jpg
Not Found: /static/images/hero-bg.jpg
Not Found: /static/images/gallery3.jpg
Not Found: /static/images/gallery1.jpg
Not Found: /static/images/gallery3.jpg
Not Found: /static/images/gallery2.jpg
Not Found: /static/images/gallery4.jpg
Not Found: /static/images/gallery5.jpg
Not Found: /static/images/gallery6.jpg
Not Found: /static/images/about.jpg
Not Found: /static/images/hero-cleaning.png
Not Found: /static/images/hero-bg.jpg
Not Found: /favicon.ico
Not Found: /static/images/gallery3.jpg
Not Found: /static/images/hero-cleaning.png
Not Found: /static/images/gallery4.jpg
Not Found: /static/images/gallery5.jpg
Not Found: /static/images/gallery6.jpg
Not Found: /static/images/gallery1.jpg
Not Found: /static/images/about.jpg
Not Found: /static/images/gallery2.jpg
Not Found: /static/images/hero-bg.jpg
Not Found: /favicon.ico
Not Found: /static/images/gallery3.jpg
Not Found: /static/images/gallery2.jpg
Not Found: /static/images/gallery5.jpg
Not Found: /static/images/gallery4.jpg
Not Found: /static/images/about.jpg
Not Found: /static/images/gallery6.jpg
Not Found: /static/images/hero-cleaning.png
Not Found: /static/images/gallery1.jpg
Not Found: /static/images/hero-bg.jpg
Not Found: /favicon.ico
Not Found: /static/images/gallery5.jpg
Not Found: /static/images/gallery2.jpg
Not Found: /static/images/about.jpg
Not Found: /static/images/gallery6.jpg
Not Found: /static/images/gallery4.jpg
Not Found: /static/images/gallery1.jpg
Not Found: /static/images/gallery3.jpg
Not Found: /favicon.ico
Not Found: /static/images/gallery3.jpg
Not Found: /static/images/gallery2.jpg
Not Found: /static/images/gallery4.jpg
Not Found: /static/images/gallery5.jpg
Not Found: /static/images/about.jpg
Not Found: /static/images/gallery1.jpg
Not Found: /static/images/gallery6.jpg
Not Found: /static/images/hero-cleaning.png
Not Found: /favicon.ico
Not Found: /static/images/about.jpg
Not Found: /static/images/gallery5.jpg
Not Found: /static/images/gallery4.jpg
Not Found: /static/images/gallery2.jpg
Not Found: /static/images/gallery6.jpg
Not Found: /static/images/gallery3.jpg
Not Found: /static/images/gallery1.jpg
Not Found: /favicon.ico
Not Found: /static/images/about.jpg
Not Found: /static/images/gallery6.jpg
Not Found: /static/images/gallery4.jpg
Not Found: /static/images/gallery5.jpg
Not Found: /static/images/gallery2.jpg
Not Found: /static/images/gallery3.jpg
Not Found: /static/images/gallery1.jpg
Not Found: /favicon.ico
Not Found: /static/images/gallery4.jpg
Not Found: /static/images/gallery3.jpg
Not Found: /static/images/gallery6.jpg
Not Found: /static/images/gallery5.jpg
Not Found: /static/images/about.jpg
Not Found: /static/images/gallery2.jpg
Not Found: /static/images/gallery1.jpg
Not Found: /favicon.ico
Not Found: /static/images/about.jpg
Not Found: /static/images/gallery1.jpg
Not Found: /static/images/gallery2.jpg
Not Found: /static/images/gallery3.jpg
Not Found: /static/images/gallery5.jpg
Not Found: /static/images/gallery4.jpg
Not Found: /static/images/gallery6.jpg
Not Found: /favicon.ico
Not Found: /static/images/about.jpg
Not Found: /static/images/gallery2.jpg
Not Found: /static/images/gallery1.jpg
Not Found: /static/images/gallery4.jpg
Not Found: /static/images/gallery3.jpg
Not Found: /static/images/gallery6.jpg
Not Found: /static/images/gallery5.jpg
Not Found: /favicon.ico
Not Found: /static/images/gallery2.jpg
Not Found: /static/images/gallery1.jpg
Not Found: /static/images/gallery4.jpg
Not Found: /static/images/gallery3.jpg
Not Found: /static/images/gallery5.jpg
Not Found: /static/images/gallery6.jpg
Not Found: /favicon.ico
Not Found: /static/images/gallery1.jpg
Not Found: /static/images/gallery3.jpg
Not Found: /static/images/gallery4.jpg
Not Found: /static/images/gallery2.jpg
Not Found: /static/images/gallery6.jpg
Not Found: /static/images/gallery5.jpg
Not Found: /favicon.ico
Not Found: /static/images/gallery1.jpg
Not Found: /static/images/gallery2.jpg
Not Found: /static/images/gallery4.jpg
Not Found: /static/images/gallery3.jpg
Not Found: /static/images/gallery5.jpg
Not Found: /static/images/gallery6.jpg
Not Found: /favicon.ico
Not Found: /static/images/gallery1.jpg
Not Found: /static/images/gallery2.jpg
Not Found: /static/images/gallery5.jpg
Not Found: /static/images/gallery6.jpg
Not Found: /static/images/gallery4.jpg
Not Found: /static/images/gallery3.jpg
Not Found: /favicon.ico
Not Found: /static/images/gallery2.jpg
Not Found: /static/images/gallery1.jpg
Not Found: /static/images/gallery3.jpg
Not Found: /static/images/gallery6.jpg
Not Found: /static/images/gallery5.jpg
Not Found: /static/images/gallery4.jpg
Not Found: /favicon.ico
Not Found: /static/images/gallery1.jpg
Not Found: /static/images/gallery2.jpg
Not Found: /static/images/gallery3.jpg
Not Found: /static/images/gallery4.jpg
Not Found: /static/images/gallery6.jpg
Not Found: /static/images/gallery5.jpg
Not Found: /favicon.ico
Not Found: /static/images/gallery1.jpg
Not Found: /static/images/gallery2.jpg
Not Found: /static/images/gallery3.jpg
Not Found: /static/images/gallery4.jpg
Not Found: /static/images/gallery6.jpg
Not Found: /static/images/gallery5.jpg
Not Found: /favicon.ico
Not Found: /favicon.ico
Not Found: /static/images/g1.jpg
Not Found: /static/images/g2.jpg
Not Found: /static/images/g3.jpg
Not Found: /static/images/g5.jpg
Not Found: /static/images/g6.jpg
Not Found: /static/images/g4.jpg
Not Found: /favicon.ico
Not Found: /favicon.ico
Not Found: /favicon.ico
Not Found: /favicon.ico
Not Found: /favicon.ico
Not Found: /favicon.ico
Not Found: /favicon.ico
Not Found: /favicon.ico
Not Found: /favicon.ico
Not Found: /favicon.ico
Not Found: /favicon.ico
Not Found: /favicon.ico
Not Found: /favicon.ico
Not Found: /favicon.ico
Not Found: /favicon.ico
Not Found: /favicon.ico
Not Found: /favicon.ico
Not Found: /favicon.ico
Not Found: /favicon.ico
Not Found: /favicon.ico
Not Found: /favicon.ico
Not Found: /favicon.ico
Not Found: /favicon.ico
[ERROR] [UID:1788][3927884] wsgiAppHandler pApp->start_response() return NULL.
Traceback (most recent call last):
  File "/home/hightech/virtualenv/work1.hornetspestcontrols.com/tisacleaning/3.10/lib/python3.10/site-packages/django/core/handlers/exception.py", line 55, in inner
    response = get_response(request)
  File "/home/hightech/virtualenv/work1.hornetspestcontrols.com/tisacleaning/3.10/lib/python3.10/site-packages/django/core/handlers/base.py", line 181, in _get_response
    callback, callback_args, callback_kwargs = self.resolve_request(request)
  File "/home/hightech/virtualenv/work1.hornetspestcontrols.com/tisacleaning/3.10/lib/python3.10/site-packages/django/core/handlers/base.py", line 313, in resolve_request
    resolver_match = resolver.resolve(request.path_info)
  File "/home/hightech/virtualenv/work1.hornetspestcontrols.com/tisacleaning/3.10/lib/python3.10/site-packages/django/urls/resolvers.py", line 666, in resolve
    for pattern in self.url_patterns:
  File "/home/hightech/virtualenv/work1.hornetspestcontrols.com/tisacleaning/3.10/lib/python3.10/site-packages/django/utils/functional.py", line 47, in __get__
    res = instance.__dict__[self.name] = self.func(instance)
  File "/home/hightech/virtualenv/work1.hornetspestcontrols.com/tisacleaning/3.10/lib/python3.10/site-packages/django/urls/resolvers.py", line 718, in url_patterns
    patterns = getattr(self.urlconf_module, "urlpatterns", self.urlconf_module)
  File "/home/hightech/virtualenv/work1.hornetspestcontrols.com/tisacleaning/3.10/lib/python3.10/site-packages/django/utils/functional.py", line 47, in __get__
    res = instance.__dict__[self.name] = self.func(instance)
  File "/home/hightech/virtualenv/work1.hornetspestcontrols.com/tisacleaning/3.10/lib/python3.10/site-packages/django/urls/resolvers.py", line 711, in urlconf_module
    return import_module(self.urlconf_name)
  File "/opt/alt/python310/lib64/python3.10/importlib/__init__.py", line 126, in import_module
    return _bootstrap._gcd_import(name[level:], package, level)
  File "<frozen importlib._bootstrap>", line 1050, in _gcd_import
  File "<frozen importlib._bootstrap>", line 1027, in _find_and_load
  File "<frozen importlib._bootstrap>", line 1006, in _find_and_load_unlocked
  File "<frozen importlib._bootstrap>", line 688, in _load_unlocked
  File "<frozen importlib._bootstrap_external>", line 883, in exec_module
  File "<frozen importlib._bootstrap>", line 241, in _call_with_frames_removed
  File "/home/hightech/work1.hornetspestcontrols.com/tisacleaning/tisacleaning/urls.py", line 24, in <module>
    path("",include('cleaning.urls'))
  File "/home/hightech/virtualenv/work1.hornetspestcontrols.com/tisacleaning/3.10/lib/python3.10/site-packages/django/urls/conf.py", line 39, in include
    urlconf_module = import_module(urlconf_module)
  File "/opt/alt/python310/lib64/python3.10/importlib/__init__.py", line 126, in import_module
    return _bootstrap._gcd_import(name[level:], package, level)
  File "<frozen importlib._bootstrap>", line 1050, in _gcd_import
  File "<frozen importlib._bootstrap>", line 1027, in _find_and_load
  File "<frozen importlib._bootstrap>", line 1006, in _find_and_load_unlocked
  File "<frozen importlib._bootstrap>", line 688, in _load_unlocked
  File "<frozen importlib._bootstrap_external>", line 883, in exec_module
  File "<frozen importlib._bootstrap>", line 241, in _call_with_frames_removed
  File "/home/hightech/work1.hornetspestcontrols.com/tisacleaning/cleaning/urls.py", line 6, in <module>
    path("about/",about,name="about"),
NameError: name 'about' is not defined

During handling of the above exception, another exception occurred:

Traceback (most recent call last):
  File "/home/hightech/virtualenv/work1.hornetspestcontrols.com/tisacleaning/3.10/lib/python3.10/site-packages/django/core/handlers/exception.py", line 55, in inner
    response = get_response(request)
  File "/home/hightech/virtualenv/work1.hornetspestcontrols.com/tisacleaning/3.10/lib/python3.10/site-packages/django/utils/deprecation.py", line 120, in __call__
    response = response or self.get_response(request)
  File "/home/hightech/virtualenv/work1.hornetspestcontrols.com/tisacleaning/3.10/lib/python3.10/site-packages/django/core/handlers/exception.py", line 57, in inner
    response = response_for_exception(request, exc)
  File "/home/hightech/virtualenv/work1.hornetspestcontrols.com/tisacleaning/3.10/lib/python3.10/site-packages/django/core/handlers/exception.py", line 141, in response_for_exception
    response = handle_uncaught_exception(
  File "/home/hightech/virtualenv/work1.hornetspestcontrols.com/tisacleaning/3.10/lib/python3.10/site-packages/django/core/handlers/exception.py", line 182, in handle_uncaught_exception
    return debug.technical_500_response(request, *exc_info)
  File "/home/hightech/virtualenv/work1.hornetspestcontrols.com/tisacleaning/3.10/lib/python3.10/site-packages/django/views/debug.py", line 69, in technical_500_response
    html = reporter.get_traceback_html()
  File "/home/hightech/virtualenv/work1.hornetspestcontrols.com/tisacleaning/3.10/lib/python3.10/site-packages/django/views/debug.py", line 428, in get_traceback_html
    c = Context(self.get_traceback_data(), use_l10n=False)
  File "/home/hightech/virtualenv/work1.hornetspestcontrols.com/tisacleaning/3.10/lib/python3.10/site-packages/django/views/debug.py", line 411, in get_traceback_data
    c["raising_view_name"] = get_caller(self.request)
  File "/home/hightech/virtualenv/work1.hornetspestcontrols.com/tisacleaning/3.10/lib/python3.10/site-packages/django/views/debug.py", line 102, in get_caller
    resolver_match = resolve(request.path)
  File "/home/hightech/virtualenv/work1.hornetspestcontrols.com/tisacleaning/3.10/lib/python3.10/site-packages/django/urls/base.py", line 25, in resolve
    return get_resolver(urlconf).resolve(path)
  File "/home/hightech/virtualenv/work1.hornetspestcontrols.com/tisacleaning/3.10/lib/python3.10/site-packages/django/urls/resolvers.py", line 666, in resolve
    for pattern in self.url_patterns:
  File "/home/hightech/virtualenv/work1.hornetspestcontrols.com/tisacleaning/3.10/lib/python3.10/site-packages/django/utils/functional.py", line 47, in __get__
    res = instance.__dict__[self.name] = self.func(instance)
  File "/home/hightech/virtualenv/work1.hornetspestcontrols.com/tisacleaning/3.10/lib/python3.10/site-packages/django/urls/resolvers.py", line 718, in url_patterns
    patterns = getattr(self.urlconf_module, "urlpatterns", self.urlconf_module)
  File "/home/hightech/virtualenv/work1.hornetspestcontrols.com/tisacleaning/3.10/lib/python3.10/site-packages/django/utils/functional.py", line 47, in __get__
    res = instance.__dict__[self.name] = self.func(instance)
  File "/home/hightech/virtualenv/work1.hornetspestcontrols.com/tisacleaning/3.10/lib/python3.10/site-packages/django/urls/resolvers.py", line 711, in urlconf_module
    return import_module(self.urlconf_name)
  File "/opt/alt/python310/lib64/python3.10/importlib/__init__.py", line 126, in import_module
    return _bootstrap._gcd_import(name[level:], package, level)
  File "<frozen importlib._bootstrap>", line 1050, in _gcd_import
  File "<frozen importlib._bootstrap>", line 1027, in _find_and_load
  File "<frozen importlib._bootstrap>", line 1006, in _find_and_load_unlocked
  File "<frozen importlib._bootstrap>", line 688, in _load_unlocked
  File "<frozen importlib._bootstrap_external>", line 883, in exec_module
  File "<frozen importlib._bootstrap>", line 241, in _call_with_frames_removed
  File "/home/hightech/work1.hornetspestcontrols.com/tisacleaning/tisacleaning/urls.py", line 24, in <module>
    path("",include('cleaning.urls'))
  File "/home/hightech/virtualenv/work1.hornetspestcontrols.com/tisacleaning/3.10/lib/python3.10/site-packages/django/urls/conf.py", line 39, in include
    urlconf_module = import_module(urlconf_module)
  File "/opt/alt/python310/lib64/python3.10/importlib/__init__.py", line 126, in import_module
    return _bootstrap._gcd_import(name[level:], package, level)
  File "<frozen importlib._bootstrap>", line 1050, in _gcd_import
  File "<frozen importlib._bootstrap>", line 1027, in _find_and_load
  File "<frozen importlib._bootstrap>", line 1006, in _find_and_load_unlocked
  File "<frozen importlib._bootstrap>", line 688, in _load_unlocked
  File "<frozen importlib._bootstrap_external>", line 883, in exec_module
  File "<frozen importlib._bootstrap>", line 241, in _call_with_frames_removed
  File "/home/hightech/work1.hornetspestcontrols.com/tisacleaning/cleaning/urls.py", line 6, in <module>
    path("about/",about,name="about"),
NameError: name 'about' is not defined

During handling of the above exception, another exception occurred:

Traceback (most recent call last):
  File "/home/hightech/virtualenv/work1.hornetspestcontrols.com/tisacleaning/3.10/lib/python3.10/site-packages/django/core/handlers/exception.py", line 55, in inner
    response = get_response(request)
  File "/home/hightech/virtualenv/work1.hornetspestcontrols.com/tisacleaning/3.10/lib/python3.10/site-packages/django/utils/deprecation.py", line 120, in __call__
    response = response or self.get_response(request)
  File "/home/hightech/virtualenv/work1.hornetspestcontrols.com/tisacleaning/3.10/lib/python3.10/site-packages/django/core/handlers/exception.py", line 57, in inner
    response = response_for_exception(request, exc)
  File "/home/hightech/virtualenv/work1.hornetspestcontrols.com/tisacleaning/3.10/lib/python3.10/site-packages/django/core/handlers/exception.py", line 141, in response_for_exception
    response = handle_uncaught_exception(
  File "/home/hightech/virtualenv/work1.hornetspestcontrols.com/tisacleaning/3.10/lib/python3.10/site-packages/django/core/handlers/exception.py", line 182, in handle_uncaught_exception
    return debug.technical_500_response(request, *exc_info)
  File "/home/hightech/virtualenv/work1.hornetspestcontrols.com/tisacleaning/3.10/lib/python3.10/site-packages/django/views/debug.py", line 69, in technical_500_response
    html = reporter.get_traceback_html()
  File "/home/hightech/virtualenv/work1.hornetspestcontrols.com/tisacleaning/3.10/lib/python3.10/site-packages/django/views/debug.py", line 428, in get_traceback_html
    c = Context(self.get_traceback_data(), use_l10n=False)
  File "/home/hightech/virtualenv/work1.hornetspestcontrols.com/tisacleaning/3.10/lib/python3.10/site-packages/django/views/debug.py", line 411, in get_traceback_data
    c["raising_view_name"] = get_caller(self.request)
  File "/home/hightech/virtualenv/work1.hornetspestcontrols.com/tisacleaning/3.10/lib/python3.10/site-packages/django/views/debug.py", line 102, in get_caller
    resolver_match = resolve(request.path)
  File "/home/hightech/virtualenv/work1.hornetspestcontrols.com/tisacleaning/3.10/lib/python3.10/site-packages/django/urls/base.py", line 25, in resolve
    return get_resolver(urlconf).resolve(path)
  File "/home/hightech/virtualenv/work1.hornetspestcontrols.com/tisacleaning/3.10/lib/python3.10/site-packages/django/urls/resolvers.py", line 666, in resolve
    for pattern in self.url_patterns:
  File "/home/hightech/virtualenv/work1.hornetspestcontrols.com/tisacleaning/3.10/lib/python3.10/site-packages/django/utils/functional.py", line 47, in __get__
    res = instance.__dict__[self.name] = self.func(instance)
  File "/home/hightech/virtualenv/work1.hornetspestcontrols.com/tisacleaning/3.10/lib/python3.10/site-packages/django/urls/resolvers.py", line 718, in url_patterns
    patterns = getattr(self.urlconf_module, "urlpatterns", self.urlconf_module)
  File "/home/hightech/virtualenv/work1.hornetspestcontrols.com/tisacleaning/3.10/lib/python3.10/site-packages/django/utils/functional.py", line 47, in __get__
    res = instance.__dict__[self.name] = self.func(instance)
  File "/home/hightech/virtualenv/work1.hornetspestcontrols.com/tisacleaning/3.10/lib/python3.10/site-packages/django/urls/resolvers.py", line 711, in urlconf_module
    return import_module(self.urlconf_name)
  File "/opt/alt/python310/lib64/python3.10/importlib/__init__.py", line 126, in import_module
    return _bootstrap._gcd_import(name[level:], package, level)
  File "<frozen importlib._bootstrap>", line 1050, in _gcd_import
  File "<frozen importlib._bootstrap>", line 1027, in _find_and_load
  File "<frozen importlib._bootstrap>", line 1006, in _find_and_load_unlocked
  File "<frozen importlib._bootstrap>", line 688, in _load_unlocked
  File "<frozen importlib._bootstrap_external>", line 883, in exec_module
  File "<frozen importlib._bootstrap>", line 241, in _call_with_frames_removed
  File "/home/hightech/work1.hornetspestcontrols.com/tisacleaning/tisacleaning/urls.py", line 24, in <module>
    path("",include('cleaning.urls'))
  File "/home/hightech/virtualenv/work1.hornetspestcontrols.com/tisacleaning/3.10/lib/python3.10/site-packages/django/urls/conf.py", line 39, in include
    urlconf_module = import_module(urlconf_module)
  File "/opt/alt/python310/lib64/python3.10/importlib/__init__.py", line 126, in import_module
    return _bootstrap._gcd_import(name[level:], package, level)
  File "<frozen importlib._bootstrap>", line 1050, in _gcd_import
  File "<frozen importlib._bootstrap>", line 1027, in _find_and_load
  File "<frozen importlib._bootstrap>", line 1006, in _find_and_load_unlocked
  File "<frozen importlib._bootstrap>", line 688, in _load_unlocked
  File "<frozen importlib._bootstrap_external>", line 883, in exec_module
  File "<frozen importlib._bootstrap>", line 241, in _call_with_frames_removed
  File "/home/hightech/work1.hornetspestcontrols.com/tisacleaning/cleaning/urls.py", line 6, in <module>
    path("about/",about,name="about"),
NameError: name 'about' is not defined

During handling of the above exception, another exception occurred:

Traceback (most recent call last):
  File "/home/hightech/virtualenv/work1.hornetspestcontrols.com/tisacleaning/3.10/lib/python3.10/site-packages/django/core/handlers/exception.py", line 55, in inner
    response = get_response(request)
  File "/home/hightech/virtualenv/work1.hornetspestcontrols.com/tisacleaning/3.10/lib/python3.10/site-packages/django/utils/deprecation.py", line 120, in __call__
    response = response or self.get_response(request)
  File "/home/hightech/virtualenv/work1.hornetspestcontrols.com/tisacleaning/3.10/lib/python3.10/site-packages/django/core/handlers/exception.py", line 57, in inner
    response = response_for_exception(request, exc)
  File "/home/hightech/virtualenv/work1.hornetspestcontrols.com/tisacleaning/3.10/lib/python3.10/site-packages/django/core/handlers/exception.py", line 141, in response_for_exception
    response = handle_uncaught_exception(
  File "/home/hightech/virtualenv/work1.hornetspestcontrols.com/tisacleaning/3.10/lib/python3.10/site-packages/django/core/handlers/exception.py", line 182, in handle_uncaught_exception
    return debug.technical_500_response(request, *exc_info)
  File "/home/hightech/virtualenv/work1.hornetspestcontrols.com/tisacleaning/3.10/lib/python3.10/site-packages/django/views/debug.py", line 69, in technical_500_response
    html = reporter.get_traceback_html()
  File "/home/hightech/virtualenv/work1.hornetspestcontrols.com/tisacleaning/3.10/lib/python3.10/site-packages/django/views/debug.py", line 428, in get_traceback_html
    c = Context(self.get_traceback_data(), use_l10n=False)
  File "/home/hightech/virtualenv/work1.hornetspestcontrols.com/tisacleaning/3.10/lib/python3.10/site-packages/django/views/debug.py", line 411, in get_traceback_data
    c["raising_view_name"] = get_caller(self.request)
  File "/home/hightech/virtualenv/work1.hornetspestcontrols.com/tisacleaning/3.10/lib/python3.10/site-packages/django/views/debug.py", line 102, in get_caller
    resolver_match = resolve(request.path)
  File "/home/hightech/virtualenv/work1.hornetspestcontrols.com/tisacleaning/3.10/lib/python3.10/site-packages/django/urls/base.py", line 25, in resolve
    return get_resolver(urlconf).resolve(path)
  File "/home/hightech/virtualenv/work1.hornetspestcontrols.com/tisacleaning/3.10/lib/python3.10/site-packages/django/urls/resolvers.py", line 666, in resolve
    for pattern in self.url_patterns:
  File "/home/hightech/virtualenv/work1.hornetspestcontrols.com/tisacleaning/3.10/lib/python3.10/site-packages/django/utils/functional.py", line 47, in __get__
    res = instance.__dict__[self.name] = self.func(instance)
  File "/home/hightech/virtualenv/work1.hornetspestcontrols.com/tisacleaning/3.10/lib/python3.10/site-packages/django/urls/resolvers.py", line 718, in url_patterns
    patterns = getattr(self.urlconf_module, "urlpatterns", self.urlconf_module)
  File "/home/hightech/virtualenv/work1.hornetspestcontrols.com/tisacleaning/3.10/lib/python3.10/site-packages/django/utils/functional.py", line 47, in __get__
    res = instance.__dict__[self.name] = self.func(instance)
  File "/home/hightech/virtualenv/work1.hornetspestcontrols.com/tisacleaning/3.10/lib/python3.10/site-packages/django/urls/resolvers.py", line 711, in urlconf_module
    return import_module(self.urlconf_name)
  File "/opt/alt/python310/lib64/python3.10/importlib/__init__.py", line 126, in import_module
    return _bootstrap._gcd_import(name[level:], package, level)
  File "<frozen importlib._bootstrap>", line 1050, in _gcd_import
  File "<frozen importlib._bootstrap>", line 1027, in _find_and_load
  File "<frozen importlib._bootstrap>", line 1006, in _find_and_load_unlocked
  File "<frozen importlib._bootstrap>", line 688, in _load_unlocked
  File "<frozen importlib._bootstrap_external>", line 883, in exec_module
  File "<frozen importlib._bootstrap>", line 241, in _call_with_frames_removed
  File "/home/hightech/work1.hornetspestcontrols.com/tisacleaning/tisacleaning/urls.py", line 24, in <module>
    path("",include('cleaning.urls'))
  File "/home/hightech/virtualenv/work1.hornetspestcontrols.com/tisacleaning/3.10/lib/python3.10/site-packages/django/urls/conf.py", line 39, in include
    urlconf_module = import_module(urlconf_module)
  File "/opt/alt/python310/lib64/python3.10/importlib/__init__.py", line 126, in import_module
    return _bootstrap._gcd_import(name[level:], package, level)
  File "<frozen importlib._bootstrap>", line 1050, in _gcd_import
  File "<frozen importlib._bootstrap>", line 1027, in _find_and_load
  File "<frozen importlib._bootstrap>", line 1006, in _find_and_load_unlocked
  File "<frozen importlib._bootstrap>", line 688, in _load_unlocked
  File "<frozen importlib._bootstrap_external>", line 883, in exec_module
  File "<frozen importlib._bootstrap>", line 241, in _call_with_frames_removed
  File "/home/hightech/work1.hornetspestcontrols.com/tisacleaning/cleaning/urls.py", line 6, in <module>
    path("about/",about,name="about"),
NameError: name 'about' is not defined

During handling of the above exception, another exception occurred:

Traceback (most recent call last):
  File "/home/hightech/virtualenv/work1.hornetspestcontrols.com/tisacleaning/3.10/lib/python3.10/site-packages/django/core/handlers/exception.py", line 55, in inner
    response = get_response(request)
  File "/home/hightech/virtualenv/work1.hornetspestcontrols.com/tisacleaning/3.10/lib/python3.10/site-packages/django/utils/deprecation.py", line 120, in __call__
    response = response or self.get_response(request)
  File "/home/hightech/virtualenv/work1.hornetspestcontrols.com/tisacleaning/3.10/lib/python3.10/site-packages/django/core/handlers/exception.py", line 57, in inner
    response = response_for_exception(request, exc)
  File "/home/hightech/virtualenv/work1.hornetspestcontrols.com/tisacleaning/3.10/lib/python3.10/site-packages/django/core/handlers/exception.py", line 141, in response_for_exception
    response = handle_uncaught_exception(
  File "/home/hightech/virtualenv/work1.hornetspestcontrols.com/tisacleaning/3.10/lib/python3.10/site-packages/django/core/handlers/exception.py", line 182, in handle_uncaught_exception
    return debug.technical_500_response(request, *exc_info)
  File "/home/hightech/virtualenv/work1.hornetspestcontrols.com/tisacleaning/3.10/lib/python3.10/site-packages/django/views/debug.py", line 69, in technical_500_response
    html = reporter.get_traceback_html()
  File "/home/hightech/virtualenv/work1.hornetspestcontrols.com/tisacleaning/3.10/lib/python3.10/site-packages/django/views/debug.py", line 428, in get_traceback_html
    c = Context(self.get_traceback_data(), use_l10n=False)
  File "/home/hightech/virtualenv/work1.hornetspestcontrols.com/tisacleaning/3.10/lib/python3.10/site-packages/django/views/debug.py", line 411, in get_traceback_data
    c["raising_view_name"] = get_caller(self.request)
  File "/home/hightech/virtualenv/work1.hornetspestcontrols.com/tisacleaning/3.10/lib/python3.10/site-packages/django/views/debug.py", line 102, in get_caller
    resolver_match = resolve(request.path)
  File "/home/hightech/virtualenv/work1.hornetspestcontrols.com/tisacleaning/3.10/lib/python3.10/site-packages/django/urls/base.py", line 25, in resolve
    return get_resolver(urlconf).resolve(path)
  File "/home/hightech/virtualenv/work1.hornetspestcontrols.com/tisacleaning/3.10/lib/python3.10/site-packages/django/urls/resolvers.py", line 666, in resolve
    for pattern in self.url_patterns:
  File "/home/hightech/virtualenv/work1.hornetspestcontrols.com/tisacleaning/3.10/lib/python3.10/site-packages/django/utils/functional.py", line 47, in __get__
    res = instance.__dict__[self.name] = self.func(instance)
  File "/home/hightech/virtualenv/work1.hornetspestcontrols.com/tisacleaning/3.10/lib/python3.10/site-packages/django/urls/resolvers.py", line 718, in url_patterns
    patterns = getattr(self.urlconf_module, "urlpatterns", self.urlconf_module)
  File "/home/hightech/virtualenv/work1.hornetspestcontrols.com/tisacleaning/3.10/lib/python3.10/site-packages/django/utils/functional.py", line 47, in __get__
    res = instance.__dict__[self.name] = self.func(instance)
  File "/home/hightech/virtualenv/work1.hornetspestcontrols.com/tisacleaning/3.10/lib/python3.10/site-packages/django/urls/resolvers.py", line 711, in urlconf_module
    return import_module(self.urlconf_name)
  File "/opt/alt/python310/lib64/python3.10/importlib/__init__.py", line 126, in import_module
    return _bootstrap._gcd_import(name[level:], package, level)
  File "<frozen importlib._bootstrap>", line 1050, in _gcd_import
  File "<frozen importlib._bootstrap>", line 1027, in _find_and_load
  File "<frozen importlib._bootstrap>", line 1006, in _find_and_load_unlocked
  File "<frozen importlib._bootstrap>", line 688, in _load_unlocked
  File "<frozen importlib._bootstrap_external>", line 883, in exec_module
  File "<frozen importlib._bootstrap>", line 241, in _call_with_frames_removed
  File "/home/hightech/work1.hornetspestcontrols.com/tisacleaning/tisacleaning/urls.py", line 24, in <module>
    path("",include('cleaning.urls'))
  File "/home/hightech/virtualenv/work1.hornetspestcontrols.com/tisacleaning/3.10/lib/python3.10/site-packages/django/urls/conf.py", line 39, in include
    urlconf_module = import_module(urlconf_module)
  File "/opt/alt/python310/lib64/python3.10/importlib/__init__.py", line 126, in import_module
    return _bootstrap._gcd_import(name[level:], package, level)
  File "<frozen importlib._bootstrap>", line 1050, in _gcd_import
  File "<frozen importlib._bootstrap>", line 1027, in _find_and_load
  File "<frozen importlib._bootstrap>", line 1006, in _find_and_load_unlocked
  File "<frozen importlib._bootstrap>", line 688, in _load_unlocked
  File "<frozen importlib._bootstrap_external>", line 883, in exec_module
  File "<frozen importlib._bootstrap>", line 241, in _call_with_frames_removed
  File "/home/hightech/work1.hornetspestcontrols.com/tisacleaning/cleaning/urls.py", line 6, in <module>
    path("about/",about,name="about"),
NameError: name 'about' is not defined

During handling of the above exception, another exception occurred:

Traceback (most recent call last):
  File "/home/hightech/virtualenv/work1.hornetspestcontrols.com/tisacleaning/3.10/lib/python3.10/site-packages/django/core/handlers/exception.py", line 55, in inner
    response = get_response(request)
  File "/home/hightech/virtualenv/work1.hornetspestcontrols.com/tisacleaning/3.10/lib/python3.10/site-packages/django/utils/deprecation.py", line 120, in __call__
    response = response or self.get_response(request)
  File "/home/hightech/virtualenv/work1.hornetspestcontrols.com/tisacleaning/3.10/lib/python3.10/site-packages/django/core/handlers/exception.py", line 57, in inner
    response = response_for_exception(request, exc)
  File "/home/hightech/virtualenv/work1.hornetspestcontrols.com/tisacleaning/3.10/lib/python3.10/site-packages/django/core/handlers/exception.py", line 141, in response_for_exception
    response = handle_uncaught_exception(
  File "/home/hightech/virtualenv/work1.hornetspestcontrols.com/tisacleaning/3.10/lib/python3.10/site-packages/django/core/handlers/exception.py", line 182, in handle_uncaught_exception
    return debug.technical_500_response(request, *exc_info)
  File "/home/hightech/virtualenv/work1.hornetspestcontrols.com/tisacleaning/3.10/lib/python3.10/site-packages/django/views/debug.py", line 69, in technical_500_response
    html = reporter.get_traceback_html()
  File "/home/hightech/virtualenv/work1.hornetspestcontrols.com/tisacleaning/3.10/lib/python3.10/site-packages/django/views/debug.py", line 428, in get_traceback_html
    c = Context(self.get_traceback_data(), use_l10n=False)
  File "/home/hightech/virtualenv/work1.hornetspestcontrols.com/tisacleaning/3.10/lib/python3.10/site-packages/django/views/debug.py", line 411, in get_traceback_data
    c["raising_view_name"] = get_caller(self.request)
  File "/home/hightech/virtualenv/work1.hornetspestcontrols.com/tisacleaning/3.10/lib/python3.10/site-packages/django/views/debug.py", line 102, in get_caller
    resolver_match = resolve(request.path)
  File "/home/hightech/virtualenv/work1.hornetspestcontrols.com/tisacleaning/3.10/lib/python3.10/site-packages/django/urls/base.py", line 25, in resolve
    return get_resolver(urlconf).resolve(path)
  File "/home/hightech/virtualenv/work1.hornetspestcontrols.com/tisacleaning/3.10/lib/python3.10/site-packages/django/urls/resolvers.py", line 666, in resolve
    for pattern in self.url_patterns:
  File "/home/hightech/virtualenv/work1.hornetspestcontrols.com/tisacleaning/3.10/lib/python3.10/site-packages/django/utils/functional.py", line 47, in __get__
    res = instance.__dict__[self.name] = self.func(instance)
  File "/home/hightech/virtualenv/work1.hornetspestcontrols.com/tisacleaning/3.10/lib/python3.10/site-packages/django/urls/resolvers.py", line 718, in url_patterns
    patterns = getattr(self.urlconf_module, "urlpatterns", self.urlconf_module)
  File "/home/hightech/virtualenv/work1.hornetspestcontrols.com/tisacleaning/3.10/lib/python3.10/site-packages/django/utils/functional.py", line 47, in __get__
    res = instance.__dict__[self.name] = self.func(instance)
  File "/home/hightech/virtualenv/work1.hornetspestcontrols.com/tisacleaning/3.10/lib/python3.10/site-packages/django/urls/resolvers.py", line 711, in urlconf_module
    return import_module(self.urlconf_name)
  File "/opt/alt/python310/lib64/python3.10/importlib/__init__.py", line 126, in import_module
    return _bootstrap._gcd_import(name[level:], package, level)
  File "<frozen importlib._bootstrap>", line 1050, in _gcd_import
  File "<frozen importlib._bootstrap>", line 1027, in _find_and_load
  File "<frozen importlib._bootstrap>", line 1006, in _find_and_load_unlocked
  File "<frozen importlib._bootstrap>", line 688, in _load_unlocked
  File "<frozen importlib._bootstrap_external>", line 883, in exec_module
  File "<frozen importlib._bootstrap>", line 241, in _call_with_frames_removed
  File "/home/hightech/work1.hornetspestcontrols.com/tisacleaning/tisacleaning/urls.py", line 24, in <module>
    path("",include('cleaning.urls'))
  File "/home/hightech/virtualenv/work1.hornetspestcontrols.com/tisacleaning/3.10/lib/python3.10/site-packages/django/urls/conf.py", line 39, in include
    urlconf_module = import_module(urlconf_module)
  File "/opt/alt/python310/lib64/python3.10/importlib/__init__.py", line 126, in import_module
    return _bootstrap._gcd_import(name[level:], package, level)
  File "<frozen importlib._bootstrap>", line 1050, in _gcd_import
  File "<frozen importlib._bootstrap>", line 1027, in _find_and_load
  File "<frozen importlib._bootstrap>", line 1006, in _find_and_load_unlocked
  File "<frozen importlib._bootstrap>", line 688, in _load_unlocked
  File "<frozen importlib._bootstrap_external>", line 883, in exec_module
  File "<frozen importlib._bootstrap>", line 241, in _call_with_frames_removed
  File "/home/hightech/work1.hornetspestcontrols.com/tisacleaning/cleaning/urls.py", line 6, in <module>
    path("about/",about,name="about"),
NameError: name 'about' is not defined

During handling of the above exception, another exception occurred:

Traceback (most recent call last):
  File "/home/hightech/virtualenv/work1.hornetspestcontrols.com/tisacleaning/3.10/lib/python3.10/site-packages/django/core/handlers/exception.py", line 55, in inner
    response = get_response(request)
  File "/home/hightech/virtualenv/work1.hornetspestcontrols.com/tisacleaning/3.10/lib/python3.10/site-packages/django/utils/deprecation.py", line 120, in __call__
    response = response or self.get_response(request)
  File "/home/hightech/virtualenv/work1.hornetspestcontrols.com/tisacleaning/3.10/lib/python3.10/site-packages/django/core/handlers/exception.py", line 57, in inner
    response = response_for_exception(request, exc)
  File "/home/hightech/virtualenv/work1.hornetspestcontrols.com/tisacleaning/3.10/lib/python3.10/site-packages/django/core/handlers/exception.py", line 141, in response_for_exception
    response = handle_uncaught_exception(
  File "/home/hightech/virtualenv/work1.hornetspestcontrols.com/tisacleaning/3.10/lib/python3.10/site-packages/django/core/handlers/exception.py", line 182, in handle_uncaught_exception
    return debug.technical_500_response(request, *exc_info)
  File "/home/hightech/virtualenv/work1.hornetspestcontrols.com/tisacleaning/3.10/lib/python3.10/site-packages/django/views/debug.py", line 69, in technical_500_response
    html = reporter.get_traceback_html()
  File "/home/hightech/virtualenv/work1.hornetspestcontrols.com/tisacleaning/3.10/lib/python3.10/site-packages/django/views/debug.py", line 428, in get_traceback_html
    c = Context(self.get_traceback_data(), use_l10n=False)
  File "/home/hightech/virtualenv/work1.hornetspestcontrols.com/tisacleaning/3.10/lib/python3.10/site-packages/django/views/debug.py", line 411, in get_traceback_data
    c["raising_view_name"] = get_caller(self.request)
  File "/home/hightech/virtualenv/work1.hornetspestcontrols.com/tisacleaning/3.10/lib/python3.10/site-packages/django/views/debug.py", line 102, in get_caller
    resolver_match = resolve(request.path)
  File "/home/hightech/virtualenv/work1.hornetspestcontrols.com/tisacleaning/3.10/lib/python3.10/site-packages/django/urls/base.py", line 25, in resolve
    return get_resolver(urlconf).resolve(path)
  File "/home/hightech/virtualenv/work1.hornetspestcontrols.com/tisacleaning/3.10/lib/python3.10/site-packages/django/urls/resolvers.py", line 666, in resolve
    for pattern in self.url_patterns:
  File "/home/hightech/virtualenv/work1.hornetspestcontrols.com/tisacleaning/3.10/lib/python3.10/site-packages/django/utils/functional.py", line 47, in __get__
    res = instance.__dict__[self.name] = self.func(instance)
  File "/home/hightech/virtualenv/work1.hornetspestcontrols.com/tisacleaning/3.10/lib/python3.10/site-packages/django/urls/resolvers.py", line 718, in url_patterns
    patterns = getattr(self.urlconf_module, "urlpatterns", self.urlconf_module)
  File "/home/hightech/virtualenv/work1.hornetspestcontrols.com/tisacleaning/3.10/lib/python3.10/site-packages/django/utils/functional.py", line 47, in __get__
    res = instance.__dict__[self.name] = self.func(instance)
  File "/home/hightech/virtualenv/work1.hornetspestcontrols.com/tisacleaning/3.10/lib/python3.10/site-packages/django/urls/resolvers.py", line 711, in urlconf_module
    return import_module(self.urlconf_name)
  File "/opt/alt/python310/lib64/python3.10/importlib/__init__.py", line 126, in import_module
    return _bootstrap._gcd_import(name[level:], package, level)
  File "<frozen importlib._bootstrap>", line 1050, in _gcd_import
  File "<frozen importlib._bootstrap>", line 1027, in _find_and_load
  File "<frozen importlib._bootstrap>", line 1006, in _find_and_load_unlocked
  File "<frozen importlib._bootstrap>", line 688, in _load_unlocked
  File "<frozen importlib._bootstrap_external>", line 883, in exec_module
  File "<frozen importlib._bootstrap>", line 241, in _call_with_frames_removed
  File "/home/hightech/work1.hornetspestcontrols.com/tisacleaning/tisacleaning/urls.py", line 24, in <module>
    path("",include('cleaning.urls'))
  File "/home/hightech/virtualenv/work1.hornetspestcontrols.com/tisacleaning/3.10/lib/python3.10/site-packages/django/urls/conf.py", line 39, in include
    urlconf_module = import_module(urlconf_module)
  File "/opt/alt/python310/lib64/python3.10/importlib/__init__.py", line 126, in import_module
    return _bootstrap._gcd_import(name[level:], package, level)
  File "<frozen importlib._bootstrap>", line 1050, in _gcd_import
  File "<frozen importlib._bootstrap>", line 1027, in _find_and_load
  File "<frozen importlib._bootstrap>", line 1006, in _find_and_load_unlocked
  File "<frozen importlib._bootstrap>", line 688, in _load_unlocked
  File "<frozen importlib._bootstrap_external>", line 883, in exec_module
  File "<frozen importlib._bootstrap>", line 241, in _call_with_frames_removed
  File "/home/hightech/work1.hornetspestcontrols.com/tisacleaning/cleaning/urls.py", line 6, in <module>
    path("about/",about,name="about"),
NameError: name 'about' is not defined

During handling of the above exception, another exception occurred:

Traceback (most recent call last):
  File "/home/hightech/virtualenv/work1.hornetspestcontrols.com/tisacleaning/3.10/lib/python3.10/site-packages/django/core/handlers/exception.py", line 55, in inner
    response = get_response(request)
  File "/home/hightech/virtualenv/work1.hornetspestcontrols.com/tisacleaning/3.10/lib/python3.10/site-packages/django/utils/deprecation.py", line 120, in __call__
    response = response or self.get_response(request)
  File "/home/hightech/virtualenv/work1.hornetspestcontrols.com/tisacleaning/3.10/lib/python3.10/site-packages/django/core/handlers/exception.py", line 57, in inner
    response = response_for_exception(request, exc)
  File "/home/hightech/virtualenv/work1.hornetspestcontrols.com/tisacleaning/3.10/lib/python3.10/site-packages/django/core/handlers/exception.py", line 141, in response_for_exception
    response = handle_uncaught_exception(
  File "/home/hightech/virtualenv/work1.hornetspestcontrols.com/tisacleaning/3.10/lib/python3.10/site-packages/django/core/handlers/exception.py", line 182, in handle_uncaught_exception
    return debug.technical_500_response(request, *exc_info)
  File "/home/hightech/virtualenv/work1.hornetspestcontrols.com/tisacleaning/3.10/lib/python3.10/site-packages/django/views/debug.py", line 69, in technical_500_response
    html = reporter.get_traceback_html()
  File "/home/hightech/virtualenv/work1.hornetspestcontrols.com/tisacleaning/3.10/lib/python3.10/site-packages/django/views/debug.py", line 428, in get_traceback_html
    c = Context(self.get_traceback_data(), use_l10n=False)
  File "/home/hightech/virtualenv/work1.hornetspestcontrols.com/tisacleaning/3.10/lib/python3.10/site-packages/django/views/debug.py", line 411, in get_traceback_data
    c["raising_view_name"] = get_caller(self.request)
  File "/home/hightech/virtualenv/work1.hornetspestcontrols.com/tisacleaning/3.10/lib/python3.10/site-packages/django/views/debug.py", line 102, in get_caller
    resolver_match = resolve(request.path)
  File "/home/hightech/virtualenv/work1.hornetspestcontrols.com/tisacleaning/3.10/lib/python3.10/site-packages/django/urls/base.py", line 25, in resolve
    return get_resolver(urlconf).resolve(path)
  File "/home/hightech/virtualenv/work1.hornetspestcontrols.com/tisacleaning/3.10/lib/python3.10/site-packages/django/urls/resolvers.py", line 666, in resolve
    for pattern in self.url_patterns:
  File "/home/hightech/virtualenv/work1.hornetspestcontrols.com/tisacleaning/3.10/lib/python3.10/site-packages/django/utils/functional.py", line 47, in __get__
    res = instance.__dict__[self.name] = self.func(instance)
  File "/home/hightech/virtualenv/work1.hornetspestcontrols.com/tisacleaning/3.10/lib/python3.10/site-packages/django/urls/resolvers.py", line 718, in url_patterns
    patterns = getattr(self.urlconf_module, "urlpatterns", self.urlconf_module)
  File "/home/hightech/virtualenv/work1.hornetspestcontrols.com/tisacleaning/3.10/lib/python3.10/site-packages/django/utils/functional.py", line 47, in __get__
    res = instance.__dict__[self.name] = self.func(instance)
  File "/home/hightech/virtualenv/work1.hornetspestcontrols.com/tisacleaning/3.10/lib/python3.10/site-packages/django/urls/resolvers.py", line 711, in urlconf_module
    return import_module(self.urlconf_name)
  File "/opt/alt/python310/lib64/python3.10/importlib/__init__.py", line 126, in import_module
    return _bootstrap._gcd_import(name[level:], package, level)
  File "<frozen importlib._bootstrap>", line 1050, in _gcd_import
  File "<frozen importlib._bootstrap>", line 1027, in _find_and_load
  File "<frozen importlib._bootstrap>", line 1006, in _find_and_load_unlocked
  File "<frozen importlib._bootstrap>", line 688, in _load_unlocked
  File "<frozen importlib._bootstrap_external>", line 883, in exec_module
  File "<frozen importlib._bootstrap>", line 241, in _call_with_frames_removed
  File "/home/hightech/work1.hornetspestcontrols.com/tisacleaning/tisacleaning/urls.py", line 24, in <module>
    path("",include('cleaning.urls'))
  File "/home/hightech/virtualenv/work1.hornetspestcontrols.com/tisacleaning/3.10/lib/python3.10/site-packages/django/urls/conf.py", line 39, in include
    urlconf_module = import_module(urlconf_module)
  File "/opt/alt/python310/lib64/python3.10/importlib/__init__.py", line 126, in import_module
    return _bootstrap._gcd_import(name[level:], package, level)
  File "<frozen importlib._bootstrap>", line 1050, in _gcd_import
  File "<frozen importlib._bootstrap>", line 1027, in _find_and_load
  File "<frozen importlib._bootstrap>", line 1006, in _find_and_load_unlocked
  File "<frozen importlib._bootstrap>", line 688, in _load_unlocked
  File "<frozen importlib._bootstrap_external>", line 883, in exec_module
  File "<frozen importlib._bootstrap>", line 241, in _call_with_frames_removed
  File "/home/hightech/work1.hornetspestcontrols.com/tisacleaning/cleaning/urls.py", line 6, in <module>
    path("about/",about,name="about"),
NameError: name 'about' is not defined

During handling of the above exception, another exception occurred:

Traceback (most recent call last):
  File "/home/hightech/virtualenv/work1.hornetspestcontrols.com/tisacleaning/3.10/lib/python3.10/site-packages/django/core/handlers/wsgi.py", line 124, in __call__
    response = self.get_response(request)
  File "/home/hightech/virtualenv/work1.hornetspestcontrols.com/tisacleaning/3.10/lib/python3.10/site-packages/django/core/handlers/base.py", line 140, in get_response
    response = self._middleware_chain(request)
  File "/home/hightech/virtualenv/work1.hornetspestcontrols.com/tisacleaning/3.10/lib/python3.10/site-packages/django/core/handlers/exception.py", line 57, in inner
    response = response_for_exception(request, exc)
  File "/home/hightech/virtualenv/work1.hornetspestcontrols.com/tisacleaning/3.10/lib/python3.10/site-packages/django/core/handlers/exception.py", line 141, in response_for_exception
    response = handle_uncaught_exception(
  File "/home/hightech/virtualenv/work1.hornetspestcontrols.com/tisacleaning/3.10/lib/python3.10/site-packages/django/core/handlers/exception.py", line 182, in handle_uncaught_exception
    return debug.technical_500_response(request, *exc_info)
  File "/home/hightech/virtualenv/work1.hornetspestcontrols.com/tisacleaning/3.10/lib/python3.10/site-packages/django/views/debug.py", line 69, in technical_500_response
    html = reporter.get_traceback_html()
  File "/home/hightech/virtualenv/work1.hornetspestcontrols.com/tisacleaning/3.10/lib/python3.10/site-packages/django/views/debug.py", line 428, in get_traceback_html
    c = Context(self.get_traceback_data(), use_l10n=False)
  File "/home/hightech/virtualenv/work1.hornetspestcontrols.com/tisacleaning/3.10/lib/python3.10/site-packages/django/views/debug.py", line 411, in get_traceback_data
    c["raising_view_name"] = get_caller(self.request)
  File "/home/hightech/virtualenv/work1.hornetspestcontrols.com/tisacleaning/3.10/lib/python3.10/site-packages/django/views/debug.py", line 102, in get_caller
    resolver_match = resolve(request.path)
  File "/home/hightech/virtualenv/work1.hornetspestcontrols.com/tisacleaning/3.10/lib/python3.10/site-packages/django/urls/base.py", line 25, in resolve
    return get_resolver(urlconf).resolve(path)
  File "/home/hightech/virtualenv/work1.hornetspestcontrols.com/tisacleaning/3.10/lib/python3.10/site-packages/django/urls/resolvers.py", line 666, in resolve
    for pattern in self.url_patterns:
  File "/home/hightech/virtualenv/work1.hornetspestcontrols.com/tisacleaning/3.10/lib/python3.10/site-packages/django/utils/functional.py", line 47, in __get__
    res = instance.__dict__[self.name] = self.func(instance)
  File "/home/hightech/virtualenv/work1.hornetspestcontrols.com/tisacleaning/3.10/lib/python3.10/site-packages/django/urls/resolvers.py", line 718, in url_patterns
    patterns = getattr(self.urlconf_module, "urlpatterns", self.urlconf_module)
  File "/home/hightech/virtualenv/work1.hornetspestcontrols.com/tisacleaning/3.10/lib/python3.10/site-packages/django/utils/functional.py", line 47, in __get__
    res = instance.__dict__[self.name] = self.func(instance)
  File "/home/hightech/virtualenv/work1.hornetspestcontrols.com/tisacleaning/3.10/lib/python3.10/site-packages/django/urls/resolvers.py", line 711, in urlconf_module
    return import_module(self.urlconf_name)
  File "/opt/alt/python310/lib64/python3.10/importlib/__init__.py", line 126, in import_module
    return _bootstrap._gcd_import(name[level:], package, level)
  File "<frozen importlib._bootstrap>", line 1050, in _gcd_import
  File "<frozen importlib._bootstrap>", line 1027, in _find_and_load
  File "<frozen importlib._bootstrap>", line 1006, in _find_and_load_unlocked
  File "<frozen importlib._bootstrap>", line 688, in _load_unlocked
  File "<frozen importlib._bootstrap_external>", line 883, in exec_module
  File "<frozen importlib._bootstrap>", line 241, in _call_with_frames_removed
  File "/home/hightech/work1.hornetspestcontrols.com/tisacleaning/tisacleaning/urls.py", line 24, in <module>
    path("",include('cleaning.urls'))
  File "/home/hightech/virtualenv/work1.hornetspestcontrols.com/tisacleaning/3.10/lib/python3.10/site-packages/django/urls/conf.py", line 39, in include
    urlconf_module = import_module(urlconf_module)
  File "/opt/alt/python310/lib64/python3.10/importlib/__init__.py", line 126, in import_module
    return _bootstrap._gcd_import(name[level:], package, level)
  File "<frozen importlib._bootstrap>", line 1050, in _gcd_import
  File "<frozen importlib._bootstrap>", line 1027, in _find_and_load
  File "<frozen importlib._bootstrap>", line 1006, in _find_and_load_unlocked
  File "<frozen importlib._bootstrap>", line 688, in _load_unlocked
  File "<frozen importlib._bootstrap_external>", line 883, in exec_module
  File "<frozen importlib._bootstrap>", line 241, in _call_with_frames_removed
  File "/home/hightech/work1.hornetspestcontrols.com/tisacleaning/cleaning/urls.py", line 6, in <module>
    path("about/",about,name="about"),
NameError: name 'about' is not defined
[ERROR] [UID:1788][3927884] wsgiAppHandler pApp->start_response() return NULL.
Traceback (most recent call last):
  File "/home/hightech/virtualenv/work1.hornetspestcontrols.com/tisacleaning/3.10/lib/python3.10/site-packages/django/core/handlers/exception.py", line 55, in inner
    response = get_response(request)
  File "/home/hightech/virtualenv/work1.hornetspestcontrols.com/tisacleaning/3.10/lib/python3.10/site-packages/django/core/handlers/base.py", line 181, in _get_response
    callback, callback_args, callback_kwargs = self.resolve_request(request)
  File "/home/hightech/virtualenv/work1.hornetspestcontrols.com/tisacleaning/3.10/lib/python3.10/site-packages/django/core/handlers/base.py", line 313, in resolve_request
    resolver_match = resolver.resolve(request.path_info)
  File "/home/hightech/virtualenv/work1.hornetspestcontrols.com/tisacleaning/3.10/lib/python3.10/site-packages/django/urls/resolvers.py", line 666, in resolve
    for pattern in self.url_patterns:
  File "/home/hightech/virtualenv/work1.hornetspestcontrols.com/tisacleaning/3.10/lib/python3.10/site-packages/django/utils/functional.py", line 47, in __get__
    res = instance.__dict__[self.name] = self.func(instance)
  File "/home/hightech/virtualenv/work1.hornetspestcontrols.com/tisacleaning/3.10/lib/python3.10/site-packages/django/urls/resolvers.py", line 718, in url_patterns
    patterns = getattr(self.urlconf_module, "urlpatterns", self.urlconf_module)
  File "/home/hightech/virtualenv/work1.hornetspestcontrols.com/tisacleaning/3.10/lib/python3.10/site-packages/django/utils/functional.py", line 47, in __get__
    res = instance.__dict__[self.name] = self.func(instance)
  File "/home/hightech/virtualenv/work1.hornetspestcontrols.com/tisacleaning/3.10/lib/python3.10/site-packages/django/urls/resolvers.py", line 711, in urlconf_module
    return import_module(self.urlconf_name)
  File "/opt/alt/python310/lib64/python3.10/importlib/__init__.py", line 126, in import_module
    return _bootstrap._gcd_import(name[level:], package, level)
  File "<frozen importlib._bootstrap>", line 1050, in _gcd_import
  File "<frozen importlib._bootstrap>", line 1027, in _find_and_load
  File "<frozen importlib._bootstrap>", line 1006, in _find_and_load_unlocked
  File "<frozen importlib._bootstrap>", line 688, in _load_unlocked
  File "<frozen importlib._bootstrap_external>", line 883, in exec_module
  File "<frozen importlib._bootstrap>", line 241, in _call_with_frames_removed
  File "/home/hightech/work1.hornetspestcontrols.com/tisacleaning/tisacleaning/urls.py", line 24, in <module>
    path("",include('cleaning.urls'))
  File "/home/hightech/virtualenv/work1.hornetspestcontrols.com/tisacleaning/3.10/lib/python3.10/site-packages/django/urls/conf.py", line 39, in include
    urlconf_module = import_module(urlconf_module)
  File "/opt/alt/python310/lib64/python3.10/importlib/__init__.py", line 126, in import_module
    return _bootstrap._gcd_import(name[level:], package, level)
  File "<frozen importlib._bootstrap>", line 1050, in _gcd_import
  File "<frozen importlib._bootstrap>", line 1027, in _find_and_load
  File "<frozen importlib._bootstrap>", line 1006, in _find_and_load_unlocked
  File "<frozen importlib._bootstrap>", line 688, in _load_unlocked
  File "<frozen importlib._bootstrap_external>", line 883, in exec_module
  File "<frozen importlib._bootstrap>", line 241, in _call_with_frames_removed
  File "/home/hightech/work1.hornetspestcontrols.com/tisacleaning/cleaning/urls.py", line 6, in <module>
    path("about/",about,name="about"),
NameError: name 'about' is not defined

During handling of the above exception, another exception occurred:

Traceback (most recent call last):
  File "/home/hightech/virtualenv/work1.hornetspestcontrols.com/tisacleaning/3.10/lib/python3.10/site-packages/django/core/handlers/exception.py", line 55, in inner
    response = get_response(request)
  File "/home/hightech/virtualenv/work1.hornetspestcontrols.com/tisacleaning/3.10/lib/python3.10/site-packages/django/utils/deprecation.py", line 120, in __call__
    response = response or self.get_response(request)
  File "/home/hightech/virtualenv/work1.hornetspestcontrols.com/tisacleaning/3.10/lib/python3.10/site-packages/django/core/handlers/exception.py", line 57, in inner
    response = response_for_exception(request, exc)
  File "/home/hightech/virtualenv/work1.hornetspestcontrols.com/tisacleaning/3.10/lib/python3.10/site-packages/django/core/handlers/exception.py", line 141, in response_for_exception
    response = handle_uncaught_exception(
  File "/home/hightech/virtualenv/work1.hornetspestcontrols.com/tisacleaning/3.10/lib/python3.10/site-packages/django/core/handlers/exception.py", line 182, in handle_uncaught_exception
    return debug.technical_500_response(request, *exc_info)
  File "/home/hightech/virtualenv/work1.hornetspestcontrols.com/tisacleaning/3.10/lib/python3.10/site-packages/django/views/debug.py", line 69, in technical_500_response
    html = reporter.get_traceback_html()
  File "/home/hightech/virtualenv/work1.hornetspestcontrols.com/tisacleaning/3.10/lib/python3.10/site-packages/django/views/debug.py", line 428, in get_traceback_html
    c = Context(self.get_traceback_data(), use_l10n=False)
  File "/home/hightech/virtualenv/work1.hornetspestcontrols.com/tisacleaning/3.10/lib/python3.10/site-packages/django/views/debug.py", line 411, in get_traceback_data
    c["raising_view_name"] = get_caller(self.request)
  File "/home/hightech/virtualenv/work1.hornetspestcontrols.com/tisacleaning/3.10/lib/python3.10/site-packages/django/views/debug.py", line 102, in get_caller
    resolver_match = resolve(request.path)
  File "/home/hightech/virtualenv/work1.hornetspestcontrols.com/tisacleaning/3.10/lib/python3.10/site-packages/django/urls/base.py", line 25, in resolve
    return get_resolver(urlconf).resolve(path)
  File "/home/hightech/virtualenv/work1.hornetspestcontrols.com/tisacleaning/3.10/lib/python3.10/site-packages/django/urls/resolvers.py", line 666, in resolve
    for pattern in self.url_patterns:
  File "/home/hightech/virtualenv/work1.hornetspestcontrols.com/tisacleaning/3.10/lib/python3.10/site-packages/django/utils/functional.py", line 47, in __get__
    res = instance.__dict__[self.name] = self.func(instance)
  File "/home/hightech/virtualenv/work1.hornetspestcontrols.com/tisacleaning/3.10/lib/python3.10/site-packages/django/urls/resolvers.py", line 718, in url_patterns
    patterns = getattr(self.urlconf_module, "urlpatterns", self.urlconf_module)
  File "/home/hightech/virtualenv/work1.hornetspestcontrols.com/tisacleaning/3.10/lib/python3.10/site-packages/django/utils/functional.py", line 47, in __get__
    res = instance.__dict__[self.name] = self.func(instance)
  File "/home/hightech/virtualenv/work1.hornetspestcontrols.com/tisacleaning/3.10/lib/python3.10/site-packages/django/urls/resolvers.py", line 711, in urlconf_module
    return import_module(self.urlconf_name)
  File "/opt/alt/python310/lib64/python3.10/importlib/__init__.py", line 126, in import_module
    return _bootstrap._gcd_import(name[level:], package, level)
  File "<frozen importlib._bootstrap>", line 1050, in _gcd_import
  File "<frozen importlib._bootstrap>", line 1027, in _find_and_load
  File "<frozen importlib._bootstrap>", line 1006, in _find_and_load_unlocked
  File "<frozen importlib._bootstrap>", line 688, in _load_unlocked
  File "<frozen importlib._bootstrap_external>", line 883, in exec_module
  File "<frozen importlib._bootstrap>", line 241, in _call_with_frames_removed
  File "/home/hightech/work1.hornetspestcontrols.com/tisacleaning/tisacleaning/urls.py", line 24, in <module>
    path("",include('cleaning.urls'))
  File "/home/hightech/virtualenv/work1.hornetspestcontrols.com/tisacleaning/3.10/lib/python3.10/site-packages/django/urls/conf.py", line 39, in include
    urlconf_module = import_module(urlconf_module)
  File "/opt/alt/python310/lib64/python3.10/importlib/__init__.py", line 126, in import_module
    return _bootstrap._gcd_import(name[level:], package, level)
  File "<frozen importlib._bootstrap>", line 1050, in _gcd_import
  File "<frozen importlib._bootstrap>", line 1027, in _find_and_load
  File "<frozen importlib._bootstrap>", line 1006, in _find_and_load_unlocked
  File "<frozen importlib._bootstrap>", line 688, in _load_unlocked
  File "<frozen importlib._bootstrap_external>", line 883, in exec_module
  File "<frozen importlib._bootstrap>", line 241, in _call_with_frames_removed
  File "/home/hightech/work1.hornetspestcontrols.com/tisacleaning/cleaning/urls.py", line 6, in <module>
    path("about/",about,name="about"),
NameError: name 'about' is not defined

During handling of the above exception, another exception occurred:

Traceback (most recent call last):
  File "/home/hightech/virtualenv/work1.hornetspestcontrols.com/tisacleaning/3.10/lib/python3.10/site-packages/django/core/handlers/exception.py", line 55, in inner
    response = get_response(request)
  File "/home/hightech/virtualenv/work1.hornetspestcontrols.com/tisacleaning/3.10/lib/python3.10/site-packages/django/utils/deprecation.py", line 120, in __call__
    response = response or self.get_response(request)
  File "/home/hightech/virtualenv/work1.hornetspestcontrols.com/tisacleaning/3.10/lib/python3.10/site-packages/django/core/handlers/exception.py", line 57, in inner
    response = response_for_exception(request, exc)
  File "/home/hightech/virtualenv/work1.hornetspestcontrols.com/tisacleaning/3.10/lib/python3.10/site-packages/django/core/handlers/exception.py", line 141, in response_for_exception
    response = handle_uncaught_exception(
  File "/home/hightech/virtualenv/work1.hornetspestcontrols.com/tisacleaning/3.10/lib/python3.10/site-packages/django/core/handlers/exception.py", line 182, in handle_uncaught_exception
    return debug.technical_500_response(request, *exc_info)
  File "/home/hightech/virtualenv/work1.hornetspestcontrols.com/tisacleaning/3.10/lib/python3.10/site-packages/django/views/debug.py", line 69, in technical_500_response
    html = reporter.get_traceback_html()
  File "/home/hightech/virtualenv/work1.hornetspestcontrols.com/tisacleaning/3.10/lib/python3.10/site-packages/django/views/debug.py", line 428, in get_traceback_html
    c = Context(self.get_traceback_data(), use_l10n=False)
  File "/home/hightech/virtualenv/work1.hornetspestcontrols.com/tisacleaning/3.10/lib/python3.10/site-packages/django/views/debug.py", line 411, in get_traceback_data
    c["raising_view_name"] = get_caller(self.request)
  File "/home/hightech/virtualenv/work1.hornetspestcontrols.com/tisacleaning/3.10/lib/python3.10/site-packages/django/views/debug.py", line 102, in get_caller
    resolver_match = resolve(request.path)
  File "/home/hightech/virtualenv/work1.hornetspestcontrols.com/tisacleaning/3.10/lib/python3.10/site-packages/django/urls/base.py", line 25, in resolve
    return get_resolver(urlconf).resolve(path)
  File "/home/hightech/virtualenv/work1.hornetspestcontrols.com/tisacleaning/3.10/lib/python3.10/site-packages/django/urls/resolvers.py", line 666, in resolve
    for pattern in self.url_patterns:
  File "/home/hightech/virtualenv/work1.hornetspestcontrols.com/tisacleaning/3.10/lib/python3.10/site-packages/django/utils/functional.py", line 47, in __get__
    res = instance.__dict__[self.name] = self.func(instance)
  File "/home/hightech/virtualenv/work1.hornetspestcontrols.com/tisacleaning/3.10/lib/python3.10/site-packages/django/urls/resolvers.py", line 718, in url_patterns
    patterns = getattr(self.urlconf_module, "urlpatterns", self.urlconf_module)
  File "/home/hightech/virtualenv/work1.hornetspestcontrols.com/tisacleaning/3.10/lib/python3.10/site-packages/django/utils/functional.py", line 47, in __get__
    res = instance.__dict__[self.name] = self.func(instance)
  File "/home/hightech/virtualenv/work1.hornetspestcontrols.com/tisacleaning/3.10/lib/python3.10/site-packages/django/urls/resolvers.py", line 711, in urlconf_module
    return import_module(self.urlconf_name)
  File "/opt/alt/python310/lib64/python3.10/importlib/__init__.py", line 126, in import_module
    return _bootstrap._gcd_import(name[level:], package, level)
  File "<frozen importlib._bootstrap>", line 1050, in _gcd_import
  File "<frozen importlib._bootstrap>", line 1027, in _find_and_load
  File "<frozen importlib._bootstrap>", line 1006, in _find_and_load_unlocked
  File "<frozen importlib._bootstrap>", line 688, in _load_unlocked
  File "<frozen importlib._bootstrap_external>", line 883, in exec_module
  File "<frozen importlib._bootstrap>", line 241, in _call_with_frames_removed
  File "/home/hightech/work1.hornetspestcontrols.com/tisacleaning/tisacleaning/urls.py", line 24, in <module>
    path("",include('cleaning.urls'))
  File "/home/hightech/virtualenv/work1.hornetspestcontrols.com/tisacleaning/3.10/lib/python3.10/site-packages/django/urls/conf.py", line 39, in include
    urlconf_module = import_module(urlconf_module)
  File "/opt/alt/python310/lib64/python3.10/importlib/__init__.py", line 126, in import_module
    return _bootstrap._gcd_import(name[level:], package, level)
  File "<frozen importlib._bootstrap>", line 1050, in _gcd_import
  File "<frozen importlib._bootstrap>", line 1027, in _find_and_load
  File "<frozen importlib._bootstrap>", line 1006, in _find_and_load_unlocked
  File "<frozen importlib._bootstrap>", line 688, in _load_unlocked
  File "<frozen importlib._bootstrap_external>", line 883, in exec_module
  File "<frozen importlib._bootstrap>", line 241, in _call_with_frames_removed
  File "/home/hightech/work1.hornetspestcontrols.com/tisacleaning/cleaning/urls.py", line 6, in <module>
    path("about/",about,name="about"),
NameError: name 'about' is not defined

During handling of the above exception, another exception occurred:

Traceback (most recent call last):
  File "/home/hightech/virtualenv/work1.hornetspestcontrols.com/tisacleaning/3.10/lib/python3.10/site-packages/django/core/handlers/exception.py", line 55, in inner
    response = get_response(request)
  File "/home/hightech/virtualenv/work1.hornetspestcontrols.com/tisacleaning/3.10/lib/python3.10/site-packages/django/utils/deprecation.py", line 120, in __call__
    response = response or self.get_response(request)
  File "/home/hightech/virtualenv/work1.hornetspestcontrols.com/tisacleaning/3.10/lib/python3.10/site-packages/django/core/handlers/exception.py", line 57, in inner
    response = response_for_exception(request, exc)
  File "/home/hightech/virtualenv/work1.hornetspestcontrols.com/tisacleaning/3.10/lib/python3.10/site-packages/django/core/handlers/exception.py", line 141, in response_for_exception
    response = handle_uncaught_exception(
  File "/home/hightech/virtualenv/work1.hornetspestcontrols.com/tisacleaning/3.10/lib/python3.10/site-packages/django/core/handlers/exception.py", line 182, in handle_uncaught_exception
    return debug.technical_500_response(request, *exc_info)
  File "/home/hightech/virtualenv/work1.hornetspestcontrols.com/tisacleaning/3.10/lib/python3.10/site-packages/django/views/debug.py", line 69, in technical_500_response
    html = reporter.get_traceback_html()
  File "/home/hightech/virtualenv/work1.hornetspestcontrols.com/tisacleaning/3.10/lib/python3.10/site-packages/django/views/debug.py", line 428, in get_traceback_html
    c = Context(self.get_traceback_data(), use_l10n=False)
  File "/home/hightech/virtualenv/work1.hornetspestcontrols.com/tisacleaning/3.10/lib/python3.10/site-packages/django/views/debug.py", line 411, in get_traceback_data
    c["raising_view_name"] = get_caller(self.request)
  File "/home/hightech/virtualenv/work1.hornetspestcontrols.com/tisacleaning/3.10/lib/python3.10/site-packages/django/views/debug.py", line 102, in get_caller
    resolver_match = resolve(request.path)
  File "/home/hightech/virtualenv/work1.hornetspestcontrols.com/tisacleaning/3.10/lib/python3.10/site-packages/django/urls/base.py", line 25, in resolve
    return get_resolver(urlconf).resolve(path)
  File "/home/hightech/virtualenv/work1.hornetspestcontrols.com/tisacleaning/3.10/lib/python3.10/site-packages/django/urls/resolvers.py", line 666, in resolve
    for pattern in self.url_patterns:
  File "/home/hightech/virtualenv/work1.hornetspestcontrols.com/tisacleaning/3.10/lib/python3.10/site-packages/django/utils/functional.py", line 47, in __get__
    res = instance.__dict__[self.name] = self.func(instance)
  File "/home/hightech/virtualenv/work1.hornetspestcontrols.com/tisacleaning/3.10/lib/python3.10/site-packages/django/urls/resolvers.py", line 718, in url_patterns
    patterns = getattr(self.urlconf_module, "urlpatterns", self.urlconf_module)
  File "/home/hightech/virtualenv/work1.hornetspestcontrols.com/tisacleaning/3.10/lib/python3.10/site-packages/django/utils/functional.py", line 47, in __get__
    res = instance.__dict__[self.name] = self.func(instance)
  File "/home/hightech/virtualenv/work1.hornetspestcontrols.com/tisacleaning/3.10/lib/python3.10/site-packages/django/urls/resolvers.py", line 711, in urlconf_module
    return import_module(self.urlconf_name)
  File "/opt/alt/python310/lib64/python3.10/importlib/__init__.py", line 126, in import_module
    return _bootstrap._gcd_import(name[level:], package, level)
  File "<frozen importlib._bootstrap>", line 1050, in _gcd_import
  File "<frozen importlib._bootstrap>", line 1027, in _find_and_load
  File "<frozen importlib._bootstrap>", line 1006, in _find_and_load_unlocked
  File "<frozen importlib._bootstrap>", line 688, in _load_unlocked
  File "<frozen importlib._bootstrap_external>", line 883, in exec_module
  File "<frozen importlib._bootstrap>", line 241, in _call_with_frames_removed
  File "/home/hightech/work1.hornetspestcontrols.com/tisacleaning/tisacleaning/urls.py", line 24, in <module>
    path("",include('cleaning.urls'))
  File "/home/hightech/virtualenv/work1.hornetspestcontrols.com/tisacleaning/3.10/lib/python3.10/site-packages/django/urls/conf.py", line 39, in include
    urlconf_module = import_module(urlconf_module)
  File "/opt/alt/python310/lib64/python3.10/importlib/__init__.py", line 126, in import_module
    return _bootstrap._gcd_import(name[level:], package, level)
  File "<frozen importlib._bootstrap>", line 1050, in _gcd_import
  File "<frozen importlib._bootstrap>", line 1027, in _find_and_load
  File "<frozen importlib._bootstrap>", line 1006, in _find_and_load_unlocked
  File "<frozen importlib._bootstrap>", line 688, in _load_unlocked
  File "<frozen importlib._bootstrap_external>", line 883, in exec_module
  File "<frozen importlib._bootstrap>", line 241, in _call_with_frames_removed
  File "/home/hightech/work1.hornetspestcontrols.com/tisacleaning/cleaning/urls.py", line 6, in <module>
    path("about/",about,name="about"),
NameError: name 'about' is not defined

During handling of the above exception, another exception occurred:

Traceback (most recent call last):
  File "/home/hightech/virtualenv/work1.hornetspestcontrols.com/tisacleaning/3.10/lib/python3.10/site-packages/django/core/handlers/exception.py", line 55, in inner
    response = get_response(request)
  File "/home/hightech/virtualenv/work1.hornetspestcontrols.com/tisacleaning/3.10/lib/python3.10/site-packages/django/utils/deprecation.py", line 120, in __call__
    response = response or self.get_response(request)
  File "/home/hightech/virtualenv/work1.hornetspestcontrols.com/tisacleaning/3.10/lib/python3.10/site-packages/django/core/handlers/exception.py", line 57, in inner
    response = response_for_exception(request, exc)
  File "/home/hightech/virtualenv/work1.hornetspestcontrols.com/tisacleaning/3.10/lib/python3.10/site-packages/django/core/handlers/exception.py", line 141, in response_for_exception
    response = handle_uncaught_exception(
  File "/home/hightech/virtualenv/work1.hornetspestcontrols.com/tisacleaning/3.10/lib/python3.10/site-packages/django/core/handlers/exception.py", line 182, in handle_uncaught_exception
    return debug.technical_500_response(request, *exc_info)
  File "/home/hightech/virtualenv/work1.hornetspestcontrols.com/tisacleaning/3.10/lib/python3.10/site-packages/django/views/debug.py", line 69, in technical_500_response
    html = reporter.get_traceback_html()
  File "/home/hightech/virtualenv/work1.hornetspestcontrols.com/tisacleaning/3.10/lib/python3.10/site-packages/django/views/debug.py", line 428, in get_traceback_html
    c = Context(self.get_traceback_data(), use_l10n=False)
  File "/home/hightech/virtualenv/work1.hornetspestcontrols.com/tisacleaning/3.10/lib/python3.10/site-packages/django/views/debug.py", line 411, in get_traceback_data
    c["raising_view_name"] = get_caller(self.request)
  File "/home/hightech/virtualenv/work1.hornetspestcontrols.com/tisacleaning/3.10/lib/python3.10/site-packages/django/views/debug.py", line 102, in get_caller
    resolver_match = resolve(request.path)
  File "/home/hightech/virtualenv/work1.hornetspestcontrols.com/tisacleaning/3.10/lib/python3.10/site-packages/django/urls/base.py", line 25, in resolve
    return get_resolver(urlconf).resolve(path)
  File "/home/hightech/virtualenv/work1.hornetspestcontrols.com/tisacleaning/3.10/lib/python3.10/site-packages/django/urls/resolvers.py", line 666, in resolve
    for pattern in self.url_patterns:
  File "/home/hightech/virtualenv/work1.hornetspestcontrols.com/tisacleaning/3.10/lib/python3.10/site-packages/django/utils/functional.py", line 47, in __get__
    res = instance.__dict__[self.name] = self.func(instance)
  File "/home/hightech/virtualenv/work1.hornetspestcontrols.com/tisacleaning/3.10/lib/python3.10/site-packages/django/urls/resolvers.py", line 718, in url_patterns
    patterns = getattr(self.urlconf_module, "urlpatterns", self.urlconf_module)
  File "/home/hightech/virtualenv/work1.hornetspestcontrols.com/tisacleaning/3.10/lib/python3.10/site-packages/django/utils/functional.py", line 47, in __get__
    res = instance.__dict__[self.name] = self.func(instance)
  File "/home/hightech/virtualenv/work1.hornetspestcontrols.com/tisacleaning/3.10/lib/python3.10/site-packages/django/urls/resolvers.py", line 711, in urlconf_module
    return import_module(self.urlconf_name)
  File "/opt/alt/python310/lib64/python3.10/importlib/__init__.py", line 126, in import_module
    return _bootstrap._gcd_import(name[level:], package, level)
  File "<frozen importlib._bootstrap>", line 1050, in _gcd_import
  File "<frozen importlib._bootstrap>", line 1027, in _find_and_load
  File "<frozen importlib._bootstrap>", line 1006, in _find_and_load_unlocked
  File "<frozen importlib._bootstrap>", line 688, in _load_unlocked
  File "<frozen importlib._bootstrap_external>", line 883, in exec_module
  File "<frozen importlib._bootstrap>", line 241, in _call_with_frames_removed
  File "/home/hightech/work1.hornetspestcontrols.com/tisacleaning/tisacleaning/urls.py", line 24, in <module>
    path("",include('cleaning.urls'))
  File "/home/hightech/virtualenv/work1.hornetspestcontrols.com/tisacleaning/3.10/lib/python3.10/site-packages/django/urls/conf.py", line 39, in include
    urlconf_module = import_module(urlconf_module)
  File "/opt/alt/python310/lib64/python3.10/importlib/__init__.py", line 126, in import_module
    return _bootstrap._gcd_import(name[level:], package, level)
  File "<frozen importlib._bootstrap>", line 1050, in _gcd_import
  File "<frozen importlib._bootstrap>", line 1027, in _find_and_load
  File "<frozen importlib._bootstrap>", line 1006, in _find_and_load_unlocked
  File "<frozen importlib._bootstrap>", line 688, in _load_unlocked
  File "<frozen importlib._bootstrap_external>", line 883, in exec_module
  File "<frozen importlib._bootstrap>", line 241, in _call_with_frames_removed
  File "/home/hightech/work1.hornetspestcontrols.com/tisacleaning/cleaning/urls.py", line 6, in <module>
    path("about/",about,name="about"),
NameError: name 'about' is not defined

During handling of the above exception, another exception occurred:

Traceback (most recent call last):
  File "/home/hightech/virtualenv/work1.hornetspestcontrols.com/tisacleaning/3.10/lib/python3.10/site-packages/django/core/handlers/exception.py", line 55, in inner
    response = get_response(request)
  File "/home/hightech/virtualenv/work1.hornetspestcontrols.com/tisacleaning/3.10/lib/python3.10/site-packages/django/utils/deprecation.py", line 120, in __call__
    response = response or self.get_response(request)
  File "/home/hightech/virtualenv/work1.hornetspestcontrols.com/tisacleaning/3.10/lib/python3.10/site-packages/django/core/handlers/exception.py", line 57, in inner
    response = response_for_exception(request, exc)
  File "/home/hightech/virtualenv/work1.hornetspestcontrols.com/tisacleaning/3.10/lib/python3.10/site-packages/django/core/handlers/exception.py", line 141, in response_for_exception
    response = handle_uncaught_exception(
  File "/home/hightech/virtualenv/work1.hornetspestcontrols.com/tisacleaning/3.10/lib/python3.10/site-packages/django/core/handlers/exception.py", line 182, in handle_uncaught_exception
    return debug.technical_500_response(request, *exc_info)
  File "/home/hightech/virtualenv/work1.hornetspestcontrols.com/tisacleaning/3.10/lib/python3.10/site-packages/django/views/debug.py", line 69, in technical_500_response
    html = reporter.get_traceback_html()
  File "/home/hightech/virtualenv/work1.hornetspestcontrols.com/tisacleaning/3.10/lib/python3.10/site-packages/django/views/debug.py", line 428, in get_traceback_html
    c = Context(self.get_traceback_data(), use_l10n=False)
  File "/home/hightech/virtualenv/work1.hornetspestcontrols.com/tisacleaning/3.10/lib/python3.10/site-packages/django/views/debug.py", line 411, in get_traceback_data
    c["raising_view_name"] = get_caller(self.request)
  File "/home/hightech/virtualenv/work1.hornetspestcontrols.com/tisacleaning/3.10/lib/python3.10/site-packages/django/views/debug.py", line 102, in get_caller
    resolver_match = resolve(request.path)
  File "/home/hightech/virtualenv/work1.hornetspestcontrols.com/tisacleaning/3.10/lib/python3.10/site-packages/django/urls/base.py", line 25, in resolve
    return get_resolver(urlconf).resolve(path)
  File "/home/hightech/virtualenv/work1.hornetspestcontrols.com/tisacleaning/3.10/lib/python3.10/site-packages/django/urls/resolvers.py", line 666, in resolve
    for pattern in self.url_patterns:
  File "/home/hightech/virtualenv/work1.hornetspestcontrols.com/tisacleaning/3.10/lib/python3.10/site-packages/django/utils/functional.py", line 47, in __get__
    res = instance.__dict__[self.name] = self.func(instance)
  File "/home/hightech/virtualenv/work1.hornetspestcontrols.com/tisacleaning/3.10/lib/python3.10/site-packages/django/urls/resolvers.py", line 718, in url_patterns
    patterns = getattr(self.urlconf_module, "urlpatterns", self.urlconf_module)
  File "/home/hightech/virtualenv/work1.hornetspestcontrols.com/tisacleaning/3.10/lib/python3.10/site-packages/django/utils/functional.py", line 47, in __get__
    res = instance.__dict__[self.name] = self.func(instance)
  File "/home/hightech/virtualenv/work1.hornetspestcontrols.com/tisacleaning/3.10/lib/python3.10/site-packages/django/urls/resolvers.py", line 711, in urlconf_module
    return import_module(self.urlconf_name)
  File "/opt/alt/python310/lib64/python3.10/importlib/__init__.py", line 126, in import_module
    return _bootstrap._gcd_import(name[level:], package, level)
  File "<frozen importlib._bootstrap>", line 1050, in _gcd_import
  File "<frozen importlib._bootstrap>", line 1027, in _find_and_load
  File "<frozen importlib._bootstrap>", line 1006, in _find_and_load_unlocked
  File "<frozen importlib._bootstrap>", line 688, in _load_unlocked
  File "<frozen importlib._bootstrap_external>", line 883, in exec_module
  File "<frozen importlib._bootstrap>", line 241, in _call_with_frames_removed
  File "/home/hightech/work1.hornetspestcontrols.com/tisacleaning/tisacleaning/urls.py", line 24, in <module>
    path("",include('cleaning.urls'))
  File "/home/hightech/virtualenv/work1.hornetspestcontrols.com/tisacleaning/3.10/lib/python3.10/site-packages/django/urls/conf.py", line 39, in include
    urlconf_module = import_module(urlconf_module)
  File "/opt/alt/python310/lib64/python3.10/importlib/__init__.py", line 126, in import_module
    return _bootstrap._gcd_import(name[level:], package, level)
  File "<frozen importlib._bootstrap>", line 1050, in _gcd_import
  File "<frozen importlib._bootstrap>", line 1027, in _find_and_load
  File "<frozen importlib._bootstrap>", line 1006, in _find_and_load_unlocked
  File "<frozen importlib._bootstrap>", line 688, in _load_unlocked
  File "<frozen importlib._bootstrap_external>", line 883, in exec_module
  File "<frozen importlib._bootstrap>", line 241, in _call_with_frames_removed
  File "/home/hightech/work1.hornetspestcontrols.com/tisacleaning/cleaning/urls.py", line 6, in <module>
    path("about/",about,name="about"),
NameError: name 'about' is not defined

During handling of the above exception, another exception occurred:

Traceback (most recent call last):
  File "/home/hightech/virtualenv/work1.hornetspestcontrols.com/tisacleaning/3.10/lib/python3.10/site-packages/django/core/handlers/exception.py", line 55, in inner
    response = get_response(request)
  File "/home/hightech/virtualenv/work1.hornetspestcontrols.com/tisacleaning/3.10/lib/python3.10/site-packages/django/utils/deprecation.py", line 120, in __call__
    response = response or self.get_response(request)
  File "/home/hightech/virtualenv/work1.hornetspestcontrols.com/tisacleaning/3.10/lib/python3.10/site-packages/django/core/handlers/exception.py", line 57, in inner
    response = response_for_exception(request, exc)
  File "/home/hightech/virtualenv/work1.hornetspestcontrols.com/tisacleaning/3.10/lib/python3.10/site-packages/django/core/handlers/exception.py", line 141, in response_for_exception
    response = handle_uncaught_exception(
  File "/home/hightech/virtualenv/work1.hornetspestcontrols.com/tisacleaning/3.10/lib/python3.10/site-packages/django/core/handlers/exception.py", line 182, in handle_uncaught_exception
    return debug.technical_500_response(request, *exc_info)
  File "/home/hightech/virtualenv/work1.hornetspestcontrols.com/tisacleaning/3.10/lib/python3.10/site-packages/django/views/debug.py", line 69, in technical_500_response
    html = reporter.get_traceback_html()
  File "/home/hightech/virtualenv/work1.hornetspestcontrols.com/tisacleaning/3.10/lib/python3.10/site-packages/django/views/debug.py", line 428, in get_traceback_html
    c = Context(self.get_traceback_data(), use_l10n=False)
  File "/home/hightech/virtualenv/work1.hornetspestcontrols.com/tisacleaning/3.10/lib/python3.10/site-packages/django/views/debug.py", line 411, in get_traceback_data
    c["raising_view_name"] = get_caller(self.request)
  File "/home/hightech/virtualenv/work1.hornetspestcontrols.com/tisacleaning/3.10/lib/python3.10/site-packages/django/views/debug.py", line 102, in get_caller
    resolver_match = resolve(request.path)
  File "/home/hightech/virtualenv/work1.hornetspestcontrols.com/tisacleaning/3.10/lib/python3.10/site-packages/django/urls/base.py", line 25, in resolve
    return get_resolver(urlconf).resolve(path)
  File "/home/hightech/virtualenv/work1.hornetspestcontrols.com/tisacleaning/3.10/lib/python3.10/site-packages/django/urls/resolvers.py", line 666, in resolve
    for pattern in self.url_patterns:
  File "/home/hightech/virtualenv/work1.hornetspestcontrols.com/tisacleaning/3.10/lib/python3.10/site-packages/django/utils/functional.py", line 47, in __get__
    res = instance.__dict__[self.name] = self.func(instance)
  File "/home/hightech/virtualenv/work1.hornetspestcontrols.com/tisacleaning/3.10/lib/python3.10/site-packages/django/urls/resolvers.py", line 718, in url_patterns
    patterns = getattr(self.urlconf_module, "urlpatterns", self.urlconf_module)
  File "/home/hightech/virtualenv/work1.hornetspestcontrols.com/tisacleaning/3.10/lib/python3.10/site-packages/django/utils/functional.py", line 47, in __get__
    res = instance.__dict__[self.name] = self.func(instance)
  File "/home/hightech/virtualenv/work1.hornetspestcontrols.com/tisacleaning/3.10/lib/python3.10/site-packages/django/urls/resolvers.py", line 711, in urlconf_module
    return import_module(self.urlconf_name)
  File "/opt/alt/python310/lib64/python3.10/importlib/__init__.py", line 126, in import_module
    return _bootstrap._gcd_import(name[level:], package, level)
  File "<frozen importlib._bootstrap>", line 1050, in _gcd_import
  File "<frozen importlib._bootstrap>", line 1027, in _find_and_load
  File "<frozen importlib._bootstrap>", line 1006, in _find_and_load_unlocked
  File "<frozen importlib._bootstrap>", line 688, in _load_unlocked
  File "<frozen importlib._bootstrap_external>", line 883, in exec_module
  File "<frozen importlib._bootstrap>", line 241, in _call_with_frames_removed
  File "/home/hightech/work1.hornetspestcontrols.com/tisacleaning/tisacleaning/urls.py", line 24, in <module>
    path("",include('cleaning.urls'))
  File "/home/hightech/virtualenv/work1.hornetspestcontrols.com/tisacleaning/3.10/lib/python3.10/site-packages/django/urls/conf.py", line 39, in include
    urlconf_module = import_module(urlconf_module)
  File "/opt/alt/python310/lib64/python3.10/importlib/__init__.py", line 126, in import_module
    return _bootstrap._gcd_import(name[level:], package, level)
  File "<frozen importlib._bootstrap>", line 1050, in _gcd_import
  File "<frozen importlib._bootstrap>", line 1027, in _find_and_load
  File "<frozen importlib._bootstrap>", line 1006, in _find_and_load_unlocked
  File "<frozen importlib._bootstrap>", line 688, in _load_unlocked
  File "<frozen importlib._bootstrap_external>", line 883, in exec_module
  File "<frozen importlib._bootstrap>", line 241, in _call_with_frames_removed
  File "/home/hightech/work1.hornetspestcontrols.com/tisacleaning/cleaning/urls.py", line 6, in <module>
    path("about/",about,name="about"),
NameError: name 'about' is not defined

During handling of the above exception, another exception occurred:

Traceback (most recent call last):
  File "/home/hightech/virtualenv/work1.hornetspestcontrols.com/tisacleaning/3.10/lib/python3.10/site-packages/django/core/handlers/exception.py", line 55, in inner
    response = get_response(request)
  File "/home/hightech/virtualenv/work1.hornetspestcontrols.com/tisacleaning/3.10/lib/python3.10/site-packages/django/utils/deprecation.py", line 120, in __call__
    response = response or self.get_response(request)
  File "/home/hightech/virtualenv/work1.hornetspestcontrols.com/tisacleaning/3.10/lib/python3.10/site-packages/django/core/handlers/exception.py", line 57, in inner
    response = response_for_exception(request, exc)
  File "/home/hightech/virtualenv/work1.hornetspestcontrols.com/tisacleaning/3.10/lib/python3.10/site-packages/django/core/handlers/exception.py", line 141, in response_for_exception
    response = handle_uncaught_exception(
  File "/home/hightech/virtualenv/work1.hornetspestcontrols.com/tisacleaning/3.10/lib/python3.10/site-packages/django/core/handlers/exception.py", line 182, in handle_uncaught_exception
    return debug.technical_500_response(request, *exc_info)
  File "/home/hightech/virtualenv/work1.hornetspestcontrols.com/tisacleaning/3.10/lib/python3.10/site-packages/django/views/debug.py", line 69, in technical_500_response
    html = reporter.get_traceback_html()
  File "/home/hightech/virtualenv/work1.hornetspestcontrols.com/tisacleaning/3.10/lib/python3.10/site-packages/django/views/debug.py", line 428, in get_traceback_html
    c = Context(self.get_traceback_data(), use_l10n=False)
  File "/home/hightech/virtualenv/work1.hornetspestcontrols.com/tisacleaning/3.10/lib/python3.10/site-packages/django/views/debug.py", line 411, in get_traceback_data
    c["raising_view_name"] = get_caller(self.request)
  File "/home/hightech/virtualenv/work1.hornetspestcontrols.com/tisacleaning/3.10/lib/python3.10/site-packages/django/views/debug.py", line 102, in get_caller
    resolver_match = resolve(request.path)
  File "/home/hightech/virtualenv/work1.hornetspestcontrols.com/tisacleaning/3.10/lib/python3.10/site-packages/django/urls/base.py", line 25, in resolve
    return get_resolver(urlconf).resolve(path)
  File "/home/hightech/virtualenv/work1.hornetspestcontrols.com/tisacleaning/3.10/lib/python3.10/site-packages/django/urls/resolvers.py", line 666, in resolve
    for pattern in self.url_patterns:
  File "/home/hightech/virtualenv/work1.hornetspestcontrols.com/tisacleaning/3.10/lib/python3.10/site-packages/django/utils/functional.py", line 47, in __get__
    res = instance.__dict__[self.name] = self.func(instance)
  File "/home/hightech/virtualenv/work1.hornetspestcontrols.com/tisacleaning/3.10/lib/python3.10/site-packages/django/urls/resolvers.py", line 718, in url_patterns
    patterns = getattr(self.urlconf_module, "urlpatterns", self.urlconf_module)
  File "/home/hightech/virtualenv/work1.hornetspestcontrols.com/tisacleaning/3.10/lib/python3.10/site-packages/django/utils/functional.py", line 47, in __get__
    res = instance.__dict__[self.name] = self.func(instance)
  File "/home/hightech/virtualenv/work1.hornetspestcontrols.com/tisacleaning/3.10/lib/python3.10/site-packages/django/urls/resolvers.py", line 711, in urlconf_module
    return import_module(self.urlconf_name)
  File "/opt/alt/python310/lib64/python3.10/importlib/__init__.py", line 126, in import_module
    return _bootstrap._gcd_import(name[level:], package, level)
  File "<frozen importlib._bootstrap>", line 1050, in _gcd_import
  File "<frozen importlib._bootstrap>", line 1027, in _find_and_load
  File "<frozen importlib._bootstrap>", line 1006, in _find_and_load_unlocked
  File "<frozen importlib._bootstrap>", line 688, in _load_unlocked
  File "<frozen importlib._bootstrap_external>", line 883, in exec_module
  File "<frozen importlib._bootstrap>", line 241, in _call_with_frames_removed
  File "/home/hightech/work1.hornetspestcontrols.com/tisacleaning/tisacleaning/urls.py", line 24, in <module>
    path("",include('cleaning.urls'))
  File "/home/hightech/virtualenv/work1.hornetspestcontrols.com/tisacleaning/3.10/lib/python3.10/site-packages/django/urls/conf.py", line 39, in include
    urlconf_module = import_module(urlconf_module)
  File "/opt/alt/python310/lib64/python3.10/importlib/__init__.py", line 126, in import_module
    return _bootstrap._gcd_import(name[level:], package, level)
  File "<frozen importlib._bootstrap>", line 1050, in _gcd_import
  File "<frozen importlib._bootstrap>", line 1027, in _find_and_load
  File "<frozen importlib._bootstrap>", line 1006, in _find_and_load_unlocked
  File "<frozen importlib._bootstrap>", line 688, in _load_unlocked
  File "<frozen importlib._bootstrap_external>", line 883, in exec_module
  File "<frozen importlib._bootstrap>", line 241, in _call_with_frames_removed
  File "/home/hightech/work1.hornetspestcontrols.com/tisacleaning/cleaning/urls.py", line 6, in <module>
    path("about/",about,name="about"),
NameError: name 'about' is not defined

During handling of the above exception, another exception occurred:

Traceback (most recent call last):
  File "/home/hightech/virtualenv/work1.hornetspestcontrols.com/tisacleaning/3.10/lib/python3.10/site-packages/django/core/handlers/wsgi.py", line 124, in __call__
    response = self.get_response(request)
  File "/home/hightech/virtualenv/work1.hornetspestcontrols.com/tisacleaning/3.10/lib/python3.10/site-packages/django/core/handlers/base.py", line 140, in get_response
    response = self._middleware_chain(request)
  File "/home/hightech/virtualenv/work1.hornetspestcontrols.com/tisacleaning/3.10/lib/python3.10/site-packages/django/core/handlers/exception.py", line 57, in inner
    response = response_for_exception(request, exc)
  File "/home/hightech/virtualenv/work1.hornetspestcontrols.com/tisacleaning/3.10/lib/python3.10/site-packages/django/core/handlers/exception.py", line 141, in response_for_exception
    response = handle_uncaught_exception(
  File "/home/hightech/virtualenv/work1.hornetspestcontrols.com/tisacleaning/3.10/lib/python3.10/site-packages/django/core/handlers/exception.py", line 182, in handle_uncaught_exception
    return debug.technical_500_response(request, *exc_info)
  File "/home/hightech/virtualenv/work1.hornetspestcontrols.com/tisacleaning/3.10/lib/python3.10/site-packages/django/views/debug.py", line 69, in technical_500_response
    html = reporter.get_traceback_html()
  File "/home/hightech/virtualenv/work1.hornetspestcontrols.com/tisacleaning/3.10/lib/python3.10/site-packages/django/views/debug.py", line 428, in get_traceback_html
    c = Context(self.get_traceback_data(), use_l10n=False)
  File "/home/hightech/virtualenv/work1.hornetspestcontrols.com/tisacleaning/3.10/lib/python3.10/site-packages/django/views/debug.py", line 411, in get_traceback_data
    c["raising_view_name"] = get_caller(self.request)
  File "/home/hightech/virtualenv/work1.hornetspestcontrols.com/tisacleaning/3.10/lib/python3.10/site-packages/django/views/debug.py", line 102, in get_caller
    resolver_match = resolve(request.path)
  File "/home/hightech/virtualenv/work1.hornetspestcontrols.com/tisacleaning/3.10/lib/python3.10/site-packages/django/urls/base.py", line 25, in resolve
    return get_resolver(urlconf).resolve(path)
  File "/home/hightech/virtualenv/work1.hornetspestcontrols.com/tisacleaning/3.10/lib/python3.10/site-packages/django/urls/resolvers.py", line 666, in resolve
    for pattern in self.url_patterns:
  File "/home/hightech/virtualenv/work1.hornetspestcontrols.com/tisacleaning/3.10/lib/python3.10/site-packages/django/utils/functional.py", line 47, in __get__
    res = instance.__dict__[self.name] = self.func(instance)
  File "/home/hightech/virtualenv/work1.hornetspestcontrols.com/tisacleaning/3.10/lib/python3.10/site-packages/django/urls/resolvers.py", line 718, in url_patterns
    patterns = getattr(self.urlconf_module, "urlpatterns", self.urlconf_module)
  File "/home/hightech/virtualenv/work1.hornetspestcontrols.com/tisacleaning/3.10/lib/python3.10/site-packages/django/utils/functional.py", line 47, in __get__
    res = instance.__dict__[self.name] = self.func(instance)
  File "/home/hightech/virtualenv/work1.hornetspestcontrols.com/tisacleaning/3.10/lib/python3.10/site-packages/django/urls/resolvers.py", line 711, in urlconf_module
    return import_module(self.urlconf_name)
  File "/opt/alt/python310/lib64/python3.10/importlib/__init__.py", line 126, in import_module
    return _bootstrap._gcd_import(name[level:], package, level)
  File "<frozen importlib._bootstrap>", line 1050, in _gcd_import
  File "<frozen importlib._bootstrap>", line 1027, in _find_and_load
  File "<frozen importlib._bootstrap>", line 1006, in _find_and_load_unlocked
  File "<frozen importlib._bootstrap>", line 688, in _load_unlocked
  File "<frozen importlib._bootstrap_external>", line 883, in exec_module
  File "<frozen importlib._bootstrap>", line 241, in _call_with_frames_removed
  File "/home/hightech/work1.hornetspestcontrols.com/tisacleaning/tisacleaning/urls.py", line 24, in <module>
    path("",include('cleaning.urls'))
  File "/home/hightech/virtualenv/work1.hornetspestcontrols.com/tisacleaning/3.10/lib/python3.10/site-packages/django/urls/conf.py", line 39, in include
    urlconf_module = import_module(urlconf_module)
  File "/opt/alt/python310/lib64/python3.10/importlib/__init__.py", line 126, in import_module
    return _bootstrap._gcd_import(name[level:], package, level)
  File "<frozen importlib._bootstrap>", line 1050, in _gcd_import
  File "<frozen importlib._bootstrap>", line 1027, in _find_and_load
  File "<frozen importlib._bootstrap>", line 1006, in _find_and_load_unlocked
  File "<frozen importlib._bootstrap>", line 688, in _load_unlocked
  File "<frozen importlib._bootstrap_external>", line 883, in exec_module
  File "<frozen importlib._bootstrap>", line 241, in _call_with_frames_removed
  File "/home/hightech/work1.hornetspestcontrols.com/tisacleaning/cleaning/urls.py", line 6, in <module>
    path("about/",about,name="about"),
NameError: name 'about' is not defined
[ERROR] [UID:1788][3929167] wsgiAppHandler pApp->start_response() return NULL.
Traceback (most recent call last):
  File "/home/hightech/virtualenv/work1.hornetspestcontrols.com/tisacleaning/3.10/lib/python3.10/site-packages/django/core/handlers/exception.py", line 55, in inner
    response = get_response(request)
  File "/home/hightech/virtualenv/work1.hornetspestcontrols.com/tisacleaning/3.10/lib/python3.10/site-packages/django/core/handlers/base.py", line 181, in _get_response
    callback, callback_args, callback_kwargs = self.resolve_request(request)
  File "/home/hightech/virtualenv/work1.hornetspestcontrols.com/tisacleaning/3.10/lib/python3.10/site-packages/django/core/handlers/base.py", line 313, in resolve_request
    resolver_match = resolver.resolve(request.path_info)
  File "/home/hightech/virtualenv/work1.hornetspestcontrols.com/tisacleaning/3.10/lib/python3.10/site-packages/django/urls/resolvers.py", line 666, in resolve
    for pattern in self.url_patterns:
  File "/home/hightech/virtualenv/work1.hornetspestcontrols.com/tisacleaning/3.10/lib/python3.10/site-packages/django/utils/functional.py", line 47, in __get__
    res = instance.__dict__[self.name] = self.func(instance)
  File "/home/hightech/virtualenv/work1.hornetspestcontrols.com/tisacleaning/3.10/lib/python3.10/site-packages/django/urls/resolvers.py", line 718, in url_patterns
    patterns = getattr(self.urlconf_module, "urlpatterns", self.urlconf_module)
  File "/home/hightech/virtualenv/work1.hornetspestcontrols.com/tisacleaning/3.10/lib/python3.10/site-packages/django/utils/functional.py", line 47, in __get__
    res = instance.__dict__[self.name] = self.func(instance)
  File "/home/hightech/virtualenv/work1.hornetspestcontrols.com/tisacleaning/3.10/lib/python3.10/site-packages/django/urls/resolvers.py", line 711, in urlconf_module
    return import_module(self.urlconf_name)
  File "/opt/alt/python310/lib64/python3.10/importlib/__init__.py", line 126, in import_module
    return _bootstrap._gcd_import(name[level:], package, level)
  File "<frozen importlib._bootstrap>", line 1050, in _gcd_import
  File "<frozen importlib._bootstrap>", line 1027, in _find_and_load
  File "<frozen importlib._bootstrap>", line 1006, in _find_and_load_unlocked
  File "<frozen importlib._bootstrap>", line 688, in _load_unlocked
  File "<frozen importlib._bootstrap_external>", line 883, in exec_module
  File "<frozen importlib._bootstrap>", line 241, in _call_with_frames_removed
  File "/home/hightech/work1.hornetspestcontrols.com/tisacleaning/tisacleaning/urls.py", line 24, in <module>
    path("",include('cleaning.urls'))
  File "/home/hightech/virtualenv/work1.hornetspestcontrols.com/tisacleaning/3.10/lib/python3.10/site-packages/django/urls/conf.py", line 39, in include
    urlconf_module = import_module(urlconf_module)
  File "/opt/alt/python310/lib64/python3.10/importlib/__init__.py", line 126, in import_module
    return _bootstrap._gcd_import(name[level:], package, level)
  File "<frozen importlib._bootstrap>", line 1050, in _gcd_import
  File "<frozen importlib._bootstrap>", line 1027, in _find_and_load
  File "<frozen importlib._bootstrap>", line 1006, in _find_and_load_unlocked
  File "<frozen importlib._bootstrap>", line 688, in _load_unlocked
  File "<frozen importlib._bootstrap_external>", line 883, in exec_module
  File "<frozen importlib._bootstrap>", line 241, in _call_with_frames_removed
  File "/home/hightech/work1.hornetspestcontrols.com/tisacleaning/cleaning/urls.py", line 6, in <module>
    path("about/",about,name="about"),
NameError: name 'about' is not defined

During handling of the above exception, another exception occurred:

Traceback (most recent call last):
  File "/home/hightech/virtualenv/work1.hornetspestcontrols.com/tisacleaning/3.10/lib/python3.10/site-packages/django/core/handlers/exception.py", line 55, in inner
    response = get_response(request)
  File "/home/hightech/virtualenv/work1.hornetspestcontrols.com/tisacleaning/3.10/lib/python3.10/site-packages/django/utils/deprecation.py", line 120, in __call__
    response = response or self.get_response(request)
  File "/home/hightech/virtualenv/work1.hornetspestcontrols.com/tisacleaning/3.10/lib/python3.10/site-packages/django/core/handlers/exception.py", line 57, in inner
    response = response_for_exception(request, exc)
  File "/home/hightech/virtualenv/work1.hornetspestcontrols.com/tisacleaning/3.10/lib/python3.10/site-packages/django/core/handlers/exception.py", line 141, in response_for_exception
    response = handle_uncaught_exception(
  File "/home/hightech/virtualenv/work1.hornetspestcontrols.com/tisacleaning/3.10/lib/python3.10/site-packages/django/core/handlers/exception.py", line 182, in handle_uncaught_exception
    return debug.technical_500_response(request, *exc_info)
  File "/home/hightech/virtualenv/work1.hornetspestcontrols.com/tisacleaning/3.10/lib/python3.10/site-packages/django/views/debug.py", line 69, in technical_500_response
    html = reporter.get_traceback_html()
  File "/home/hightech/virtualenv/work1.hornetspestcontrols.com/tisacleaning/3.10/lib/python3.10/site-packages/django/views/debug.py", line 428, in get_traceback_html
    c = Context(self.get_traceback_data(), use_l10n=False)
  File "/home/hightech/virtualenv/work1.hornetspestcontrols.com/tisacleaning/3.10/lib/python3.10/site-packages/django/views/debug.py", line 411, in get_traceback_data
    c["raising_view_name"] = get_caller(self.request)
  File "/home/hightech/virtualenv/work1.hornetspestcontrols.com/tisacleaning/3.10/lib/python3.10/site-packages/django/views/debug.py", line 102, in get_caller
    resolver_match = resolve(request.path)
  File "/home/hightech/virtualenv/work1.hornetspestcontrols.com/tisacleaning/3.10/lib/python3.10/site-packages/django/urls/base.py", line 25, in resolve
    return get_resolver(urlconf).resolve(path)
  File "/home/hightech/virtualenv/work1.hornetspestcontrols.com/tisacleaning/3.10/lib/python3.10/site-packages/django/urls/resolvers.py", line 666, in resolve
    for pattern in self.url_patterns:
  File "/home/hightech/virtualenv/work1.hornetspestcontrols.com/tisacleaning/3.10/lib/python3.10/site-packages/django/utils/functional.py", line 47, in __get__
    res = instance.__dict__[self.name] = self.func(instance)
  File "/home/hightech/virtualenv/work1.hornetspestcontrols.com/tisacleaning/3.10/lib/python3.10/site-packages/django/urls/resolvers.py", line 718, in url_patterns
    patterns = getattr(self.urlconf_module, "urlpatterns", self.urlconf_module)
  File "/home/hightech/virtualenv/work1.hornetspestcontrols.com/tisacleaning/3.10/lib/python3.10/site-packages/django/utils/functional.py", line 47, in __get__
    res = instance.__dict__[self.name] = self.func(instance)
  File "/home/hightech/virtualenv/work1.hornetspestcontrols.com/tisacleaning/3.10/lib/python3.10/site-packages/django/urls/resolvers.py", line 711, in urlconf_module
    return import_module(self.urlconf_name)
  File "/opt/alt/python310/lib64/python3.10/importlib/__init__.py", line 126, in import_module
    return _bootstrap._gcd_import(name[level:], package, level)
  File "<frozen importlib._bootstrap>", line 1050, in _gcd_import
  File "<frozen importlib._bootstrap>", line 1027, in _find_and_load
  File "<frozen importlib._bootstrap>", line 1006, in _find_and_load_unlocked
  File "<frozen importlib._bootstrap>", line 688, in _load_unlocked
  File "<frozen importlib._bootstrap_external>", line 883, in exec_module
  File "<frozen importlib._bootstrap>", line 241, in _call_with_frames_removed
  File "/home/hightech/work1.hornetspestcontrols.com/tisacleaning/tisacleaning/urls.py", line 24, in <module>
    path("",include('cleaning.urls'))
  File "/home/hightech/virtualenv/work1.hornetspestcontrols.com/tisacleaning/3.10/lib/python3.10/site-packages/django/urls/conf.py", line 39, in include
    urlconf_module = import_module(urlconf_module)
  File "/opt/alt/python310/lib64/python3.10/importlib/__init__.py", line 126, in import_module
    return _bootstrap._gcd_import(name[level:], package, level)
  File "<frozen importlib._bootstrap>", line 1050, in _gcd_import
  File "<frozen importlib._bootstrap>", line 1027, in _find_and_load
  File "<frozen importlib._bootstrap>", line 1006, in _find_and_load_unlocked
  File "<frozen importlib._bootstrap>", line 688, in _load_unlocked
  File "<frozen importlib._bootstrap_external>", line 883, in exec_module
  File "<frozen importlib._bootstrap>", line 241, in _call_with_frames_removed
  File "/home/hightech/work1.hornetspestcontrols.com/tisacleaning/cleaning/urls.py", line 6, in <module>
    path("about/",about,name="about"),
NameError: name 'about' is not defined

During handling of the above exception, another exception occurred:

Traceback (most recent call last):
  File "/home/hightech/virtualenv/work1.hornetspestcontrols.com/tisacleaning/3.10/lib/python3.10/site-packages/django/core/handlers/exception.py", line 55, in inner
    response = get_response(request)
  File "/home/hightech/virtualenv/work1.hornetspestcontrols.com/tisacleaning/3.10/lib/python3.10/site-packages/django/utils/deprecation.py", line 120, in __call__
    response = response or self.get_response(request)
  File "/home/hightech/virtualenv/work1.hornetspestcontrols.com/tisacleaning/3.10/lib/python3.10/site-packages/django/core/handlers/exception.py", line 57, in inner
    response = response_for_exception(request, exc)
  File "/home/hightech/virtualenv/work1.hornetspestcontrols.com/tisacleaning/3.10/lib/python3.10/site-packages/django/core/handlers/exception.py", line 141, in response_for_exception
    response = handle_uncaught_exception(
  File "/home/hightech/virtualenv/work1.hornetspestcontrols.com/tisacleaning/3.10/lib/python3.10/site-packages/django/core/handlers/exception.py", line 182, in handle_uncaught_exception
    return debug.technical_500_response(request, *exc_info)
  File "/home/hightech/virtualenv/work1.hornetspestcontrols.com/tisacleaning/3.10/lib/python3.10/site-packages/django/views/debug.py", line 69, in technical_500_response
    html = reporter.get_traceback_html()
  File "/home/hightech/virtualenv/work1.hornetspestcontrols.com/tisacleaning/3.10/lib/python3.10/site-packages/django/views/debug.py", line 428, in get_traceback_html
    c = Context(self.get_traceback_data(), use_l10n=False)
  File "/home/hightech/virtualenv/work1.hornetspestcontrols.com/tisacleaning/3.10/lib/python3.10/site-packages/django/views/debug.py", line 411, in get_traceback_data
    c["raising_view_name"] = get_caller(self.request)
  File "/home/hightech/virtualenv/work1.hornetspestcontrols.com/tisacleaning/3.10/lib/python3.10/site-packages/django/views/debug.py", line 102, in get_caller
    resolver_match = resolve(request.path)
  File "/home/hightech/virtualenv/work1.hornetspestcontrols.com/tisacleaning/3.10/lib/python3.10/site-packages/django/urls/base.py", line 25, in resolve
    return get_resolver(urlconf).resolve(path)
  File "/home/hightech/virtualenv/work1.hornetspestcontrols.com/tisacleaning/3.10/lib/python3.10/site-packages/django/urls/resolvers.py", line 666, in resolve
    for pattern in self.url_patterns:
  File "/home/hightech/virtualenv/work1.hornetspestcontrols.com/tisacleaning/3.10/lib/python3.10/site-packages/django/utils/functional.py", line 47, in __get__
    res = instance.__dict__[self.name] = self.func(instance)
  File "/home/hightech/virtualenv/work1.hornetspestcontrols.com/tisacleaning/3.10/lib/python3.10/site-packages/django/urls/resolvers.py", line 718, in url_patterns
    patterns = getattr(self.urlconf_module, "urlpatterns", self.urlconf_module)
  File "/home/hightech/virtualenv/work1.hornetspestcontrols.com/tisacleaning/3.10/lib/python3.10/site-packages/django/utils/functional.py", line 47, in __get__
    res = instance.__dict__[self.name] = self.func(instance)
  File "/home/hightech/virtualenv/work1.hornetspestcontrols.com/tisacleaning/3.10/lib/python3.10/site-packages/django/urls/resolvers.py", line 711, in urlconf_module
    return import_module(self.urlconf_name)
  File "/opt/alt/python310/lib64/python3.10/importlib/__init__.py", line 126, in import_module
    return _bootstrap._gcd_import(name[level:], package, level)
  File "<frozen importlib._bootstrap>", line 1050, in _gcd_import
  File "<frozen importlib._bootstrap>", line 1027, in _find_and_load
  File "<frozen importlib._bootstrap>", line 1006, in _find_and_load_unlocked
  File "<frozen importlib._bootstrap>", line 688, in _load_unlocked
  File "<frozen importlib._bootstrap_external>", line 883, in exec_module
  File "<frozen importlib._bootstrap>", line 241, in _call_with_frames_removed
  File "/home/hightech/work1.hornetspestcontrols.com/tisacleaning/tisacleaning/urls.py", line 24, in <module>
    path("",include('cleaning.urls'))
  File "/home/hightech/virtualenv/work1.hornetspestcontrols.com/tisacleaning/3.10/lib/python3.10/site-packages/django/urls/conf.py", line 39, in include
    urlconf_module = import_module(urlconf_module)
  File "/opt/alt/python310/lib64/python3.10/importlib/__init__.py", line 126, in import_module
    return _bootstrap._gcd_import(name[level:], package, level)
  File "<frozen importlib._bootstrap>", line 1050, in _gcd_import
  File "<frozen importlib._bootstrap>", line 1027, in _find_and_load
  File "<frozen importlib._bootstrap>", line 1006, in _find_and_load_unlocked
  File "<frozen importlib._bootstrap>", line 688, in _load_unlocked
  File "<frozen importlib._bootstrap_external>", line 883, in exec_module
  File "<frozen importlib._bootstrap>", line 241, in _call_with_frames_removed
  File "/home/hightech/work1.hornetspestcontrols.com/tisacleaning/cleaning/urls.py", line 6, in <module>
    path("about/",about,name="about"),
NameError: name 'about' is not defined

During handling of the above exception, another exception occurred:

Traceback (most recent call last):
  File "/home/hightech/virtualenv/work1.hornetspestcontrols.com/tisacleaning/3.10/lib/python3.10/site-packages/django/core/handlers/exception.py", line 55, in inner
    response = get_response(request)
  File "/home/hightech/virtualenv/work1.hornetspestcontrols.com/tisacleaning/3.10/lib/python3.10/site-packages/django/utils/deprecation.py", line 120, in __call__
    response = response or self.get_response(request)
  File "/home/hightech/virtualenv/work1.hornetspestcontrols.com/tisacleaning/3.10/lib/python3.10/site-packages/django/core/handlers/exception.py", line 57, in inner
    response = response_for_exception(request, exc)
  File "/home/hightech/virtualenv/work1.hornetspestcontrols.com/tisacleaning/3.10/lib/python3.10/site-packages/django/core/handlers/exception.py", line 141, in response_for_exception
    response = handle_uncaught_exception(
  File "/home/hightech/virtualenv/work1.hornetspestcontrols.com/tisacleaning/3.10/lib/python3.10/site-packages/django/core/handlers/exception.py", line 182, in handle_uncaught_exception
    return debug.technical_500_response(request, *exc_info)
  File "/home/hightech/virtualenv/work1.hornetspestcontrols.com/tisacleaning/3.10/lib/python3.10/site-packages/django/views/debug.py", line 69, in technical_500_response
    html = reporter.get_traceback_html()
  File "/home/hightech/virtualenv/work1.hornetspestcontrols.com/tisacleaning/3.10/lib/python3.10/site-packages/django/views/debug.py", line 428, in get_traceback_html
    c = Context(self.get_traceback_data(), use_l10n=False)
  File "/home/hightech/virtualenv/work1.hornetspestcontrols.com/tisacleaning/3.10/lib/python3.10/site-packages/django/views/debug.py", line 411, in get_traceback_data
    c["raising_view_name"] = get_caller(self.request)
  File "/home/hightech/virtualenv/work1.hornetspestcontrols.com/tisacleaning/3.10/lib/python3.10/site-packages/django/views/debug.py", line 102, in get_caller
    resolver_match = resolve(request.path)
  File "/home/hightech/virtualenv/work1.hornetspestcontrols.com/tisacleaning/3.10/lib/python3.10/site-packages/django/urls/base.py", line 25, in resolve
    return get_resolver(urlconf).resolve(path)
  File "/home/hightech/virtualenv/work1.hornetspestcontrols.com/tisacleaning/3.10/lib/python3.10/site-packages/django/urls/resolvers.py", line 666, in resolve
    for pattern in self.url_patterns:
  File "/home/hightech/virtualenv/work1.hornetspestcontrols.com/tisacleaning/3.10/lib/python3.10/site-packages/django/utils/functional.py", line 47, in __get__
    res = instance.__dict__[self.name] = self.func(instance)
  File "/home/hightech/virtualenv/work1.hornetspestcontrols.com/tisacleaning/3.10/lib/python3.10/site-packages/django/urls/resolvers.py", line 718, in url_patterns
    patterns = getattr(self.urlconf_module, "urlpatterns", self.urlconf_module)
  File "/home/hightech/virtualenv/work1.hornetspestcontrols.com/tisacleaning/3.10/lib/python3.10/site-packages/django/utils/functional.py", line 47, in __get__
    res = instance.__dict__[self.name] = self.func(instance)
  File "/home/hightech/virtualenv/work1.hornetspestcontrols.com/tisacleaning/3.10/lib/python3.10/site-packages/django/urls/resolvers.py", line 711, in urlconf_module
    return import_module(self.urlconf_name)
  File "/opt/alt/python310/lib64/python3.10/importlib/__init__.py", line 126, in import_module
    return _bootstrap._gcd_import(name[level:], package, level)
  File "<frozen importlib._bootstrap>", line 1050, in _gcd_import
  File "<frozen importlib._bootstrap>", line 1027, in _find_and_load
  File "<frozen importlib._bootstrap>", line 1006, in _find_and_load_unlocked
  File "<frozen importlib._bootstrap>", line 688, in _load_unlocked
  File "<frozen importlib._bootstrap_external>", line 883, in exec_module
  File "<frozen importlib._bootstrap>", line 241, in _call_with_frames_removed
  File "/home/hightech/work1.hornetspestcontrols.com/tisacleaning/tisacleaning/urls.py", line 24, in <module>
    path("",include('cleaning.urls'))
  File "/home/hightech/virtualenv/work1.hornetspestcontrols.com/tisacleaning/3.10/lib/python3.10/site-packages/django/urls/conf.py", line 39, in include
    urlconf_module = import_module(urlconf_module)
  File "/opt/alt/python310/lib64/python3.10/importlib/__init__.py", line 126, in import_module
    return _bootstrap._gcd_import(name[level:], package, level)
  File "<frozen importlib._bootstrap>", line 1050, in _gcd_import
  File "<frozen importlib._bootstrap>", line 1027, in _find_and_load
  File "<frozen importlib._bootstrap>", line 1006, in _find_and_load_unlocked
  File "<frozen importlib._bootstrap>", line 688, in _load_unlocked
  File "<frozen importlib._bootstrap_external>", line 883, in exec_module
  File "<frozen importlib._bootstrap>", line 241, in _call_with_frames_removed
  File "/home/hightech/work1.hornetspestcontrols.com/tisacleaning/cleaning/urls.py", line 6, in <module>
    path("about/",about,name="about"),
NameError: name 'about' is not defined

During handling of the above exception, another exception occurred:

Traceback (most recent call last):
  File "/home/hightech/virtualenv/work1.hornetspestcontrols.com/tisacleaning/3.10/lib/python3.10/site-packages/django/core/handlers/exception.py", line 55, in inner
    response = get_response(request)
  File "/home/hightech/virtualenv/work1.hornetspestcontrols.com/tisacleaning/3.10/lib/python3.10/site-packages/django/utils/deprecation.py", line 120, in __call__
    response = response or self.get_response(request)
  File "/home/hightech/virtualenv/work1.hornetspestcontrols.com/tisacleaning/3.10/lib/python3.10/site-packages/django/core/handlers/exception.py", line 57, in inner
    response = response_for_exception(request, exc)
  File "/home/hightech/virtualenv/work1.hornetspestcontrols.com/tisacleaning/3.10/lib/python3.10/site-packages/django/core/handlers/exception.py", line 141, in response_for_exception
    response = handle_uncaught_exception(
  File "/home/hightech/virtualenv/work1.hornetspestcontrols.com/tisacleaning/3.10/lib/python3.10/site-packages/django/core/handlers/exception.py", line 182, in handle_uncaught_exception
    return debug.technical_500_response(request, *exc_info)
  File "/home/hightech/virtualenv/work1.hornetspestcontrols.com/tisacleaning/3.10/lib/python3.10/site-packages/django/views/debug.py", line 69, in technical_500_response
    html = reporter.get_traceback_html()
  File "/home/hightech/virtualenv/work1.hornetspestcontrols.com/tisacleaning/3.10/lib/python3.10/site-packages/django/views/debug.py", line 428, in get_traceback_html
    c = Context(self.get_traceback_data(), use_l10n=False)
  File "/home/hightech/virtualenv/work1.hornetspestcontrols.com/tisacleaning/3.10/lib/python3.10/site-packages/django/views/debug.py", line 411, in get_traceback_data
    c["raising_view_name"] = get_caller(self.request)
  File "/home/hightech/virtualenv/work1.hornetspestcontrols.com/tisacleaning/3.10/lib/python3.10/site-packages/django/views/debug.py", line 102, in get_caller
    resolver_match = resolve(request.path)
  File "/home/hightech/virtualenv/work1.hornetspestcontrols.com/tisacleaning/3.10/lib/python3.10/site-packages/django/urls/base.py", line 25, in resolve
    return get_resolver(urlconf).resolve(path)
  File "/home/hightech/virtualenv/work1.hornetspestcontrols.com/tisacleaning/3.10/lib/python3.10/site-packages/django/urls/resolvers.py", line 666, in resolve
    for pattern in self.url_patterns:
  File "/home/hightech/virtualenv/work1.hornetspestcontrols.com/tisacleaning/3.10/lib/python3.10/site-packages/django/utils/functional.py", line 47, in __get__
    res = instance.__dict__[self.name] = self.func(instance)
  File "/home/hightech/virtualenv/work1.hornetspestcontrols.com/tisacleaning/3.10/lib/python3.10/site-packages/django/urls/resolvers.py", line 718, in url_patterns
    patterns = getattr(self.urlconf_module, "urlpatterns", self.urlconf_module)
  File "/home/hightech/virtualenv/work1.hornetspestcontrols.com/tisacleaning/3.10/lib/python3.10/site-packages/django/utils/functional.py", line 47, in __get__
    res = instance.__dict__[self.name] = self.func(instance)
  File "/home/hightech/virtualenv/work1.hornetspestcontrols.com/tisacleaning/3.10/lib/python3.10/site-packages/django/urls/resolvers.py", line 711, in urlconf_module
    return import_module(self.urlconf_name)
  File "/opt/alt/python310/lib64/python3.10/importlib/__init__.py", line 126, in import_module
    return _bootstrap._gcd_import(name[level:], package, level)
  File "<frozen importlib._bootstrap>", line 1050, in _gcd_import
  File "<frozen importlib._bootstrap>", line 1027, in _find_and_load
  File "<frozen importlib._bootstrap>", line 1006, in _find_and_load_unlocked
  File "<frozen importlib._bootstrap>", line 688, in _load_unlocked
  File "<frozen importlib._bootstrap_external>", line 883, in exec_module
  File "<frozen importlib._bootstrap>", line 241, in _call_with_frames_removed
  File "/home/hightech/work1.hornetspestcontrols.com/tisacleaning/tisacleaning/urls.py", line 24, in <module>
    path("",include('cleaning.urls'))
  File "/home/hightech/virtualenv/work1.hornetspestcontrols.com/tisacleaning/3.10/lib/python3.10/site-packages/django/urls/conf.py", line 39, in include
    urlconf_module = import_module(urlconf_module)
  File "/opt/alt/python310/lib64/python3.10/importlib/__init__.py", line 126, in import_module
    return _bootstrap._gcd_import(name[level:], package, level)
  File "<frozen importlib._bootstrap>", line 1050, in _gcd_import
  File "<frozen importlib._bootstrap>", line 1027, in _find_and_load
  File "<frozen importlib._bootstrap>", line 1006, in _find_and_load_unlocked
  File "<frozen importlib._bootstrap>", line 688, in _load_unlocked
  File "<frozen importlib._bootstrap_external>", line 883, in exec_module
  File "<frozen importlib._bootstrap>", line 241, in _call_with_frames_removed
  File "/home/hightech/work1.hornetspestcontrols.com/tisacleaning/cleaning/urls.py", line 6, in <module>
    path("about/",about,name="about"),
NameError: name 'about' is not defined

During handling of the above exception, another exception occurred:

Traceback (most recent call last):
  File "/home/hightech/virtualenv/work1.hornetspestcontrols.com/tisacleaning/3.10/lib/python3.10/site-packages/django/core/handlers/exception.py", line 55, in inner
    response = get_response(request)
  File "/home/hightech/virtualenv/work1.hornetspestcontrols.com/tisacleaning/3.10/lib/python3.10/site-packages/django/utils/deprecation.py", line 120, in __call__
    response = response or self.get_response(request)
  File "/home/hightech/virtualenv/work1.hornetspestcontrols.com/tisacleaning/3.10/lib/python3.10/site-packages/django/core/handlers/exception.py", line 57, in inner
    response = response_for_exception(request, exc)
  File "/home/hightech/virtualenv/work1.hornetspestcontrols.com/tisacleaning/3.10/lib/python3.10/site-packages/django/core/handlers/exception.py", line 141, in response_for_exception
    response = handle_uncaught_exception(
  File "/home/hightech/virtualenv/work1.hornetspestcontrols.com/tisacleaning/3.10/lib/python3.10/site-packages/django/core/handlers/exception.py", line 182, in handle_uncaught_exception
    return debug.technical_500_response(request, *exc_info)
  File "/home/hightech/virtualenv/work1.hornetspestcontrols.com/tisacleaning/3.10/lib/python3.10/site-packages/django/views/debug.py", line 69, in technical_500_response
    html = reporter.get_traceback_html()
  File "/home/hightech/virtualenv/work1.hornetspestcontrols.com/tisacleaning/3.10/lib/python3.10/site-packages/django/views/debug.py", line 428, in get_traceback_html
    c = Context(self.get_traceback_data(), use_l10n=False)
  File "/home/hightech/virtualenv/work1.hornetspestcontrols.com/tisacleaning/3.10/lib/python3.10/site-packages/django/views/debug.py", line 411, in get_traceback_data
    c["raising_view_name"] = get_caller(self.request)
  File "/home/hightech/virtualenv/work1.hornetspestcontrols.com/tisacleaning/3.10/lib/python3.10/site-packages/django/views/debug.py", line 102, in get_caller
    resolver_match = resolve(request.path)
  File "/home/hightech/virtualenv/work1.hornetspestcontrols.com/tisacleaning/3.10/lib/python3.10/site-packages/django/urls/base.py", line 25, in resolve
    return get_resolver(urlconf).resolve(path)
  File "/home/hightech/virtualenv/work1.hornetspestcontrols.com/tisacleaning/3.10/lib/python3.10/site-packages/django/urls/resolvers.py", line 666, in resolve
    for pattern in self.url_patterns:
  File "/home/hightech/virtualenv/work1.hornetspestcontrols.com/tisacleaning/3.10/lib/python3.10/site-packages/django/utils/functional.py", line 47, in __get__
    res = instance.__dict__[self.name] = self.func(instance)
  File "/home/hightech/virtualenv/work1.hornetspestcontrols.com/tisacleaning/3.10/lib/python3.10/site-packages/django/urls/resolvers.py", line 718, in url_patterns
    patterns = getattr(self.urlconf_module, "urlpatterns", self.urlconf_module)
  File "/home/hightech/virtualenv/work1.hornetspestcontrols.com/tisacleaning/3.10/lib/python3.10/site-packages/django/utils/functional.py", line 47, in __get__
    res = instance.__dict__[self.name] = self.func(instance)
  File "/home/hightech/virtualenv/work1.hornetspestcontrols.com/tisacleaning/3.10/lib/python3.10/site-packages/django/urls/resolvers.py", line 711, in urlconf_module
    return import_module(self.urlconf_name)
  File "/opt/alt/python310/lib64/python3.10/importlib/__init__.py", line 126, in import_module
    return _bootstrap._gcd_import(name[level:], package, level)
  File "<frozen importlib._bootstrap>", line 1050, in _gcd_import
  File "<frozen importlib._bootstrap>", line 1027, in _find_and_load
  File "<frozen importlib._bootstrap>", line 1006, in _find_and_load_unlocked
  File "<frozen importlib._bootstrap>", line 688, in _load_unlocked
  File "<frozen importlib._bootstrap_external>", line 883, in exec_module
  File "<frozen importlib._bootstrap>", line 241, in _call_with_frames_removed
  File "/home/hightech/work1.hornetspestcontrols.com/tisacleaning/tisacleaning/urls.py", line 24, in <module>
    path("",include('cleaning.urls'))
  File "/home/hightech/virtualenv/work1.hornetspestcontrols.com/tisacleaning/3.10/lib/python3.10/site-packages/django/urls/conf.py", line 39, in include
    urlconf_module = import_module(urlconf_module)
  File "/opt/alt/python310/lib64/python3.10/importlib/__init__.py", line 126, in import_module
    return _bootstrap._gcd_import(name[level:], package, level)
  File "<frozen importlib._bootstrap>", line 1050, in _gcd_import
  File "<frozen importlib._bootstrap>", line 1027, in _find_and_load
  File "<frozen importlib._bootstrap>", line 1006, in _find_and_load_unlocked
  File "<frozen importlib._bootstrap>", line 688, in _load_unlocked
  File "<frozen importlib._bootstrap_external>", line 883, in exec_module
  File "<frozen importlib._bootstrap>", line 241, in _call_with_frames_removed
  File "/home/hightech/work1.hornetspestcontrols.com/tisacleaning/cleaning/urls.py", line 6, in <module>
    path("about/",about,name="about"),
NameError: name 'about' is not defined

During handling of the above exception, another exception occurred:

Traceback (most recent call last):
  File "/home/hightech/virtualenv/work1.hornetspestcontrols.com/tisacleaning/3.10/lib/python3.10/site-packages/django/core/handlers/exception.py", line 55, in inner
    response = get_response(request)
  File "/home/hightech/virtualenv/work1.hornetspestcontrols.com/tisacleaning/3.10/lib/python3.10/site-packages/django/utils/deprecation.py", line 120, in __call__
    response = response or self.get_response(request)
  File "/home/hightech/virtualenv/work1.hornetspestcontrols.com/tisacleaning/3.10/lib/python3.10/site-packages/django/core/handlers/exception.py", line 57, in inner
    response = response_for_exception(request, exc)
  File "/home/hightech/virtualenv/work1.hornetspestcontrols.com/tisacleaning/3.10/lib/python3.10/site-packages/django/core/handlers/exception.py", line 141, in response_for_exception
    response = handle_uncaught_exception(
  File "/home/hightech/virtualenv/work1.hornetspestcontrols.com/tisacleaning/3.10/lib/python3.10/site-packages/django/core/handlers/exception.py", line 182, in handle_uncaught_exception
    return debug.technical_500_response(request, *exc_info)
  File "/home/hightech/virtualenv/work1.hornetspestcontrols.com/tisacleaning/3.10/lib/python3.10/site-packages/django/views/debug.py", line 69, in technical_500_response
    html = reporter.get_traceback_html()
  File "/home/hightech/virtualenv/work1.hornetspestcontrols.com/tisacleaning/3.10/lib/python3.10/site-packages/django/views/debug.py", line 428, in get_traceback_html
    c = Context(self.get_traceback_data(), use_l10n=False)
  File "/home/hightech/virtualenv/work1.hornetspestcontrols.com/tisacleaning/3.10/lib/python3.10/site-packages/django/views/debug.py", line 411, in get_traceback_data
    c["raising_view_name"] = get_caller(self.request)
  File "/home/hightech/virtualenv/work1.hornetspestcontrols.com/tisacleaning/3.10/lib/python3.10/site-packages/django/views/debug.py", line 102, in get_caller
    resolver_match = resolve(request.path)
  File "/home/hightech/virtualenv/work1.hornetspestcontrols.com/tisacleaning/3.10/lib/python3.10/site-packages/django/urls/base.py", line 25, in resolve
    return get_resolver(urlconf).resolve(path)
  File "/home/hightech/virtualenv/work1.hornetspestcontrols.com/tisacleaning/3.10/lib/python3.10/site-packages/django/urls/resolvers.py", line 666, in resolve
    for pattern in self.url_patterns:
  File "/home/hightech/virtualenv/work1.hornetspestcontrols.com/tisacleaning/3.10/lib/python3.10/site-packages/django/utils/functional.py", line 47, in __get__
    res = instance.__dict__[self.name] = self.func(instance)
  File "/home/hightech/virtualenv/work1.hornetspestcontrols.com/tisacleaning/3.10/lib/python3.10/site-packages/django/urls/resolvers.py", line 718, in url_patterns
    patterns = getattr(self.urlconf_module, "urlpatterns", self.urlconf_module)
  File "/home/hightech/virtualenv/work1.hornetspestcontrols.com/tisacleaning/3.10/lib/python3.10/site-packages/django/utils/functional.py", line 47, in __get__
    res = instance.__dict__[self.name] = self.func(instance)
  File "/home/hightech/virtualenv/work1.hornetspestcontrols.com/tisacleaning/3.10/lib/python3.10/site-packages/django/urls/resolvers.py", line 711, in urlconf_module
    return import_module(self.urlconf_name)
  File "/opt/alt/python310/lib64/python3.10/importlib/__init__.py", line 126, in import_module
    return _bootstrap._gcd_import(name[level:], package, level)
  File "<frozen importlib._bootstrap>", line 1050, in _gcd_import
  File "<frozen importlib._bootstrap>", line 1027, in _find_and_load
  File "<frozen importlib._bootstrap>", line 1006, in _find_and_load_unlocked
  File "<frozen importlib._bootstrap>", line 688, in _load_unlocked
  File "<frozen importlib._bootstrap_external>", line 883, in exec_module
  File "<frozen importlib._bootstrap>", line 241, in _call_with_frames_removed
  File "/home/hightech/work1.hornetspestcontrols.com/tisacleaning/tisacleaning/urls.py", line 24, in <module>
    path("",include('cleaning.urls'))
  File "/home/hightech/virtualenv/work1.hornetspestcontrols.com/tisacleaning/3.10/lib/python3.10/site-packages/django/urls/conf.py", line 39, in include
    urlconf_module = import_module(urlconf_module)
  File "/opt/alt/python310/lib64/python3.10/importlib/__init__.py", line 126, in import_module
    return _bootstrap._gcd_import(name[level:], package, level)
  File "<frozen importlib._bootstrap>", line 1050, in _gcd_import
  File "<frozen importlib._bootstrap>", line 1027, in _find_and_load
  File "<frozen importlib._bootstrap>", line 1006, in _find_and_load_unlocked
  File "<frozen importlib._bootstrap>", line 688, in _load_unlocked
  File "<frozen importlib._bootstrap_external>", line 883, in exec_module
  File "<frozen importlib._bootstrap>", line 241, in _call_with_frames_removed
  File "/home/hightech/work1.hornetspestcontrols.com/tisacleaning/cleaning/urls.py", line 6, in <module>
    path("about/",about,name="about"),
NameError: name 'about' is not defined

During handling of the above exception, another exception occurred:

Traceback (most recent call last):
  File "/home/hightech/virtualenv/work1.hornetspestcontrols.com/tisacleaning/3.10/lib/python3.10/site-packages/django/core/handlers/exception.py", line 55, in inner
    response = get_response(request)
  File "/home/hightech/virtualenv/work1.hornetspestcontrols.com/tisacleaning/3.10/lib/python3.10/site-packages/django/utils/deprecation.py", line 120, in __call__
    response = response or self.get_response(request)
  File "/home/hightech/virtualenv/work1.hornetspestcontrols.com/tisacleaning/3.10/lib/python3.10/site-packages/django/core/handlers/exception.py", line 57, in inner
    response = response_for_exception(request, exc)
  File "/home/hightech/virtualenv/work1.hornetspestcontrols.com/tisacleaning/3.10/lib/python3.10/site-packages/django/core/handlers/exception.py", line 141, in response_for_exception
    response = handle_uncaught_exception(
  File "/home/hightech/virtualenv/work1.hornetspestcontrols.com/tisacleaning/3.10/lib/python3.10/site-packages/django/core/handlers/exception.py", line 182, in handle_uncaught_exception
    return debug.technical_500_response(request, *exc_info)
  File "/home/hightech/virtualenv/work1.hornetspestcontrols.com/tisacleaning/3.10/lib/python3.10/site-packages/django/views/debug.py", line 69, in technical_500_response
    html = reporter.get_traceback_html()
  File "/home/hightech/virtualenv/work1.hornetspestcontrols.com/tisacleaning/3.10/lib/python3.10/site-packages/django/views/debug.py", line 428, in get_traceback_html
    c = Context(self.get_traceback_data(), use_l10n=False)
  File "/home/hightech/virtualenv/work1.hornetspestcontrols.com/tisacleaning/3.10/lib/python3.10/site-packages/django/views/debug.py", line 411, in get_traceback_data
    c["raising_view_name"] = get_caller(self.request)
  File "/home/hightech/virtualenv/work1.hornetspestcontrols.com/tisacleaning/3.10/lib/python3.10/site-packages/django/views/debug.py", line 102, in get_caller
    resolver_match = resolve(request.path)
  File "/home/hightech/virtualenv/work1.hornetspestcontrols.com/tisacleaning/3.10/lib/python3.10/site-packages/django/urls/base.py", line 25, in resolve
    return get_resolver(urlconf).resolve(path)
  File "/home/hightech/virtualenv/work1.hornetspestcontrols.com/tisacleaning/3.10/lib/python3.10/site-packages/django/urls/resolvers.py", line 666, in resolve
    for pattern in self.url_patterns:
  File "/home/hightech/virtualenv/work1.hornetspestcontrols.com/tisacleaning/3.10/lib/python3.10/site-packages/django/utils/functional.py", line 47, in __get__
    res = instance.__dict__[self.name] = self.func(instance)
  File "/home/hightech/virtualenv/work1.hornetspestcontrols.com/tisacleaning/3.10/lib/python3.10/site-packages/django/urls/resolvers.py", line 718, in url_patterns
    patterns = getattr(self.urlconf_module, "urlpatterns", self.urlconf_module)
  File "/home/hightech/virtualenv/work1.hornetspestcontrols.com/tisacleaning/3.10/lib/python3.10/site-packages/django/utils/functional.py", line 47, in __get__
    res = instance.__dict__[self.name] = self.func(instance)
  File "/home/hightech/virtualenv/work1.hornetspestcontrols.com/tisacleaning/3.10/lib/python3.10/site-packages/django/urls/resolvers.py", line 711, in urlconf_module
    return import_module(self.urlconf_name)
  File "/opt/alt/python310/lib64/python3.10/importlib/__init__.py", line 126, in import_module
    return _bootstrap._gcd_import(name[level:], package, level)
  File "<frozen importlib._bootstrap>", line 1050, in _gcd_import
  File "<frozen importlib._bootstrap>", line 1027, in _find_and_load
  File "<frozen importlib._bootstrap>", line 1006, in _find_and_load_unlocked
  File "<frozen importlib._bootstrap>", line 688, in _load_unlocked
  File "<frozen importlib._bootstrap_external>", line 883, in exec_module
  File "<frozen importlib._bootstrap>", line 241, in _call_with_frames_removed
  File "/home/hightech/work1.hornetspestcontrols.com/tisacleaning/tisacleaning/urls.py", line 24, in <module>
    path("",include('cleaning.urls'))
  File "/home/hightech/virtualenv/work1.hornetspestcontrols.com/tisacleaning/3.10/lib/python3.10/site-packages/django/urls/conf.py", line 39, in include
    urlconf_module = import_module(urlconf_module)
  File "/opt/alt/python310/lib64/python3.10/importlib/__init__.py", line 126, in import_module
    return _bootstrap._gcd_import(name[level:], package, level)
  File "<frozen importlib._bootstrap>", line 1050, in _gcd_import
  File "<frozen importlib._bootstrap>", line 1027, in _find_and_load
  File "<frozen importlib._bootstrap>", line 1006, in _find_and_load_unlocked
  File "<frozen importlib._bootstrap>", line 688, in _load_unlocked
  File "<frozen importlib._bootstrap_external>", line 883, in exec_module
  File "<frozen importlib._bootstrap>", line 241, in _call_with_frames_removed
  File "/home/hightech/work1.hornetspestcontrols.com/tisacleaning/cleaning/urls.py", line 6, in <module>
    path("about/",about,name="about"),
NameError: name 'about' is not defined

During handling of the above exception, another exception occurred:

Traceback (most recent call last):
  File "/home/hightech/virtualenv/work1.hornetspestcontrols.com/tisacleaning/3.10/lib/python3.10/site-packages/django/core/handlers/wsgi.py", line 124, in __call__
    response = self.get_response(request)
  File "/home/hightech/virtualenv/work1.hornetspestcontrols.com/tisacleaning/3.10/lib/python3.10/site-packages/django/core/handlers/base.py", line 140, in get_response
    response = self._middleware_chain(request)
  File "/home/hightech/virtualenv/work1.hornetspestcontrols.com/tisacleaning/3.10/lib/python3.10/site-packages/django/core/handlers/exception.py", line 57, in inner
    response = response_for_exception(request, exc)
  File "/home/hightech/virtualenv/work1.hornetspestcontrols.com/tisacleaning/3.10/lib/python3.10/site-packages/django/core/handlers/exception.py", line 141, in response_for_exception
    response = handle_uncaught_exception(
  File "/home/hightech/virtualenv/work1.hornetspestcontrols.com/tisacleaning/3.10/lib/python3.10/site-packages/django/core/handlers/exception.py", line 182, in handle_uncaught_exception
    return debug.technical_500_response(request, *exc_info)
  File "/home/hightech/virtualenv/work1.hornetspestcontrols.com/tisacleaning/3.10/lib/python3.10/site-packages/django/views/debug.py", line 69, in technical_500_response
    html = reporter.get_traceback_html()
  File "/home/hightech/virtualenv/work1.hornetspestcontrols.com/tisacleaning/3.10/lib/python3.10/site-packages/django/views/debug.py", line 428, in get_traceback_html
    c = Context(self.get_traceback_data(), use_l10n=False)
  File "/home/hightech/virtualenv/work1.hornetspestcontrols.com/tisacleaning/3.10/lib/python3.10/site-packages/django/views/debug.py", line 411, in get_traceback_data
    c["raising_view_name"] = get_caller(self.request)
  File "/home/hightech/virtualenv/work1.hornetspestcontrols.com/tisacleaning/3.10/lib/python3.10/site-packages/django/views/debug.py", line 102, in get_caller
    resolver_match = resolve(request.path)
  File "/home/hightech/virtualenv/work1.hornetspestcontrols.com/tisacleaning/3.10/lib/python3.10/site-packages/django/urls/base.py", line 25, in resolve
    return get_resolver(urlconf).resolve(path)
  File "/home/hightech/virtualenv/work1.hornetspestcontrols.com/tisacleaning/3.10/lib/python3.10/site-packages/django/urls/resolvers.py", line 666, in resolve
    for pattern in self.url_patterns:
  File "/home/hightech/virtualenv/work1.hornetspestcontrols.com/tisacleaning/3.10/lib/python3.10/site-packages/django/utils/functional.py", line 47, in __get__
    res = instance.__dict__[self.name] = self.func(instance)
  File "/home/hightech/virtualenv/work1.hornetspestcontrols.com/tisacleaning/3.10/lib/python3.10/site-packages/django/urls/resolvers.py", line 718, in url_patterns
    patterns = getattr(self.urlconf_module, "urlpatterns", self.urlconf_module)
  File "/home/hightech/virtualenv/work1.hornetspestcontrols.com/tisacleaning/3.10/lib/python3.10/site-packages/django/utils/functional.py", line 47, in __get__
    res = instance.__dict__[self.name] = self.func(instance)
  File "/home/hightech/virtualenv/work1.hornetspestcontrols.com/tisacleaning/3.10/lib/python3.10/site-packages/django/urls/resolvers.py", line 711, in urlconf_module
    return import_module(self.urlconf_name)
  File "/opt/alt/python310/lib64/python3.10/importlib/__init__.py", line 126, in import_module
    return _bootstrap._gcd_import(name[level:], package, level)
  File "<frozen importlib._bootstrap>", line 1050, in _gcd_import
  File "<frozen importlib._bootstrap>", line 1027, in _find_and_load
  File "<frozen importlib._bootstrap>", line 1006, in _find_and_load_unlocked
  File "<frozen importlib._bootstrap>", line 688, in _load_unlocked
  File "<frozen importlib._bootstrap_external>", line 883, in exec_module
  File "<frozen importlib._bootstrap>", line 241, in _call_with_frames_removed
  File "/home/hightech/work1.hornetspestcontrols.com/tisacleaning/tisacleaning/urls.py", line 24, in <module>
    path("",include('cleaning.urls'))
  File "/home/hightech/virtualenv/work1.hornetspestcontrols.com/tisacleaning/3.10/lib/python3.10/site-packages/django/urls/conf.py", line 39, in include
    urlconf_module = import_module(urlconf_module)
  File "/opt/alt/python310/lib64/python3.10/importlib/__init__.py", line 126, in import_module
    return _bootstrap._gcd_import(name[level:], package, level)
  File "<frozen importlib._bootstrap>", line 1050, in _gcd_import
  File "<frozen importlib._bootstrap>", line 1027, in _find_and_load
  File "<frozen importlib._bootstrap>", line 1006, in _find_and_load_unlocked
  File "<frozen importlib._bootstrap>", line 688, in _load_unlocked
  File "<frozen importlib._bootstrap_external>", line 883, in exec_module
  File "<frozen importlib._bootstrap>", line 241, in _call_with_frames_removed
  File "/home/hightech/work1.hornetspestcontrols.com/tisacleaning/cleaning/urls.py", line 6, in <module>
    path("about/",about,name="about"),
NameError: name 'about' is not defined
[ERROR] [UID:1788][3929167] wsgiAppHandler pApp->start_response() return NULL.
Traceback (most recent call last):
  File "/home/hightech/virtualenv/work1.hornetspestcontrols.com/tisacleaning/3.10/lib/python3.10/site-packages/django/core/handlers/exception.py", line 55, in inner
    response = get_response(request)
  File "/home/hightech/virtualenv/work1.hornetspestcontrols.com/tisacleaning/3.10/lib/python3.10/site-packages/django/core/handlers/base.py", line 181, in _get_response
    callback, callback_args, callback_kwargs = self.resolve_request(request)
  File "/home/hightech/virtualenv/work1.hornetspestcontrols.com/tisacleaning/3.10/lib/python3.10/site-packages/django/core/handlers/base.py", line 313, in resolve_request
    resolver_match = resolver.resolve(request.path_info)
  File "/home/hightech/virtualenv/work1.hornetspestcontrols.com/tisacleaning/3.10/lib/python3.10/site-packages/django/urls/resolvers.py", line 666, in resolve
    for pattern in self.url_patterns:
  File "/home/hightech/virtualenv/work1.hornetspestcontrols.com/tisacleaning/3.10/lib/python3.10/site-packages/django/utils/functional.py", line 47, in __get__
    res = instance.__dict__[self.name] = self.func(instance)
  File "/home/hightech/virtualenv/work1.hornetspestcontrols.com/tisacleaning/3.10/lib/python3.10/site-packages/django/urls/resolvers.py", line 718, in url_patterns
    patterns = getattr(self.urlconf_module, "urlpatterns", self.urlconf_module)
  File "/home/hightech/virtualenv/work1.hornetspestcontrols.com/tisacleaning/3.10/lib/python3.10/site-packages/django/utils/functional.py", line 47, in __get__
    res = instance.__dict__[self.name] = self.func(instance)
  File "/home/hightech/virtualenv/work1.hornetspestcontrols.com/tisacleaning/3.10/lib/python3.10/site-packages/django/urls/resolvers.py", line 711, in urlconf_module
    return import_module(self.urlconf_name)
  File "/opt/alt/python310/lib64/python3.10/importlib/__init__.py", line 126, in import_module
    return _bootstrap._gcd_import(name[level:], package, level)
  File "<frozen importlib._bootstrap>", line 1050, in _gcd_import
  File "<frozen importlib._bootstrap>", line 1027, in _find_and_load
  File "<frozen importlib._bootstrap>", line 1006, in _find_and_load_unlocked
  File "<frozen importlib._bootstrap>", line 688, in _load_unlocked
  File "<frozen importlib._bootstrap_external>", line 883, in exec_module
  File "<frozen importlib._bootstrap>", line 241, in _call_with_frames_removed
  File "/home/hightech/work1.hornetspestcontrols.com/tisacleaning/tisacleaning/urls.py", line 24, in <module>
    path("",include('cleaning.urls'))
  File "/home/hightech/virtualenv/work1.hornetspestcontrols.com/tisacleaning/3.10/lib/python3.10/site-packages/django/urls/conf.py", line 39, in include
    urlconf_module = import_module(urlconf_module)
  File "/opt/alt/python310/lib64/python3.10/importlib/__init__.py", line 126, in import_module
    return _bootstrap._gcd_import(name[level:], package, level)
  File "<frozen importlib._bootstrap>", line 1050, in _gcd_import
  File "<frozen importlib._bootstrap>", line 1027, in _find_and_load
  File "<frozen importlib._bootstrap>", line 1006, in _find_and_load_unlocked
  File "<frozen importlib._bootstrap>", line 688, in _load_unlocked
  File "<frozen importlib._bootstrap_external>", line 883, in exec_module
  File "<frozen importlib._bootstrap>", line 241, in _call_with_frames_removed
  File "/home/hightech/work1.hornetspestcontrols.com/tisacleaning/cleaning/urls.py", line 6, in <module>
    path("about/",about,name="about"),
NameError: name 'about' is not defined

During handling of the above exception, another exception occurred:

Traceback (most recent call last):
  File "/home/hightech/virtualenv/work1.hornetspestcontrols.com/tisacleaning/3.10/lib/python3.10/site-packages/django/core/handlers/exception.py", line 55, in inner
    response = get_response(request)
  File "/home/hightech/virtualenv/work1.hornetspestcontrols.com/tisacleaning/3.10/lib/python3.10/site-packages/django/utils/deprecation.py", line 120, in __call__
    response = response or self.get_response(request)
  File "/home/hightech/virtualenv/work1.hornetspestcontrols.com/tisacleaning/3.10/lib/python3.10/site-packages/django/core/handlers/exception.py", line 57, in inner
    response = response_for_exception(request, exc)
  File "/home/hightech/virtualenv/work1.hornetspestcontrols.com/tisacleaning/3.10/lib/python3.10/site-packages/django/core/handlers/exception.py", line 141, in response_for_exception
    response = handle_uncaught_exception(
  File "/home/hightech/virtualenv/work1.hornetspestcontrols.com/tisacleaning/3.10/lib/python3.10/site-packages/django/core/handlers/exception.py", line 182, in handle_uncaught_exception
    return debug.technical_500_response(request, *exc_info)
  File "/home/hightech/virtualenv/work1.hornetspestcontrols.com/tisacleaning/3.10/lib/python3.10/site-packages/django/views/debug.py", line 69, in technical_500_response
    html = reporter.get_traceback_html()
  File "/home/hightech/virtualenv/work1.hornetspestcontrols.com/tisacleaning/3.10/lib/python3.10/site-packages/django/views/debug.py", line 428, in get_traceback_html
    c = Context(self.get_traceback_data(), use_l10n=False)
  File "/home/hightech/virtualenv/work1.hornetspestcontrols.com/tisacleaning/3.10/lib/python3.10/site-packages/django/views/debug.py", line 411, in get_traceback_data
    c["raising_view_name"] = get_caller(self.request)
  File "/home/hightech/virtualenv/work1.hornetspestcontrols.com/tisacleaning/3.10/lib/python3.10/site-packages/django/views/debug.py", line 102, in get_caller
    resolver_match = resolve(request.path)
  File "/home/hightech/virtualenv/work1.hornetspestcontrols.com/tisacleaning/3.10/lib/python3.10/site-packages/django/urls/base.py", line 25, in resolve
    return get_resolver(urlconf).resolve(path)
  File "/home/hightech/virtualenv/work1.hornetspestcontrols.com/tisacleaning/3.10/lib/python3.10/site-packages/django/urls/resolvers.py", line 666, in resolve
    for pattern in self.url_patterns:
  File "/home/hightech/virtualenv/work1.hornetspestcontrols.com/tisacleaning/3.10/lib/python3.10/site-packages/django/utils/functional.py", line 47, in __get__
    res = instance.__dict__[self.name] = self.func(instance)
  File "/home/hightech/virtualenv/work1.hornetspestcontrols.com/tisacleaning/3.10/lib/python3.10/site-packages/django/urls/resolvers.py", line 718, in url_patterns
    patterns = getattr(self.urlconf_module, "urlpatterns", self.urlconf_module)
  File "/home/hightech/virtualenv/work1.hornetspestcontrols.com/tisacleaning/3.10/lib/python3.10/site-packages/django/utils/functional.py", line 47, in __get__
    res = instance.__dict__[self.name] = self.func(instance)
  File "/home/hightech/virtualenv/work1.hornetspestcontrols.com/tisacleaning/3.10/lib/python3.10/site-packages/django/urls/resolvers.py", line 711, in urlconf_module
    return import_module(self.urlconf_name)
  File "/opt/alt/python310/lib64/python3.10/importlib/__init__.py", line 126, in import_module
    return _bootstrap._gcd_import(name[level:], package, level)
  File "<frozen importlib._bootstrap>", line 1050, in _gcd_import
  File "<frozen importlib._bootstrap>", line 1027, in _find_and_load
  File "<frozen importlib._bootstrap>", line 1006, in _find_and_load_unlocked
  File "<frozen importlib._bootstrap>", line 688, in _load_unlocked
  File "<frozen importlib._bootstrap_external>", line 883, in exec_module
  File "<frozen importlib._bootstrap>", line 241, in _call_with_frames_removed
  File "/home/hightech/work1.hornetspestcontrols.com/tisacleaning/tisacleaning/urls.py", line 24, in <module>
    path("",include('cleaning.urls'))
  File "/home/hightech/virtualenv/work1.hornetspestcontrols.com/tisacleaning/3.10/lib/python3.10/site-packages/django/urls/conf.py", line 39, in include
    urlconf_module = import_module(urlconf_module)
  File "/opt/alt/python310/lib64/python3.10/importlib/__init__.py", line 126, in import_module
    return _bootstrap._gcd_import(name[level:], package, level)
  File "<frozen importlib._bootstrap>", line 1050, in _gcd_import
  File "<frozen importlib._bootstrap>", line 1027, in _find_and_load
  File "<frozen importlib._bootstrap>", line 1006, in _find_and_load_unlocked
  File "<frozen importlib._bootstrap>", line 688, in _load_unlocked
  File "<frozen importlib._bootstrap_external>", line 883, in exec_module
  File "<frozen importlib._bootstrap>", line 241, in _call_with_frames_removed
  File "/home/hightech/work1.hornetspestcontrols.com/tisacleaning/cleaning/urls.py", line 6, in <module>
    path("about/",about,name="about"),
NameError: name 'about' is not defined

During handling of the above exception, another exception occurred:

Traceback (most recent call last):
  File "/home/hightech/virtualenv/work1.hornetspestcontrols.com/tisacleaning/3.10/lib/python3.10/site-packages/django/core/handlers/exception.py", line 55, in inner
    response = get_response(request)
  File "/home/hightech/virtualenv/work1.hornetspestcontrols.com/tisacleaning/3.10/lib/python3.10/site-packages/django/utils/deprecation.py", line 120, in __call__
    response = response or self.get_response(request)
  File "/home/hightech/virtualenv/work1.hornetspestcontrols.com/tisacleaning/3.10/lib/python3.10/site-packages/django/core/handlers/exception.py", line 57, in inner
    response = response_for_exception(request, exc)
  File "/home/hightech/virtualenv/work1.hornetspestcontrols.com/tisacleaning/3.10/lib/python3.10/site-packages/django/core/handlers/exception.py", line 141, in response_for_exception
    response = handle_uncaught_exception(
  File "/home/hightech/virtualenv/work1.hornetspestcontrols.com/tisacleaning/3.10/lib/python3.10/site-packages/django/core/handlers/exception.py", line 182, in handle_uncaught_exception
    return debug.technical_500_response(request, *exc_info)
  File "/home/hightech/virtualenv/work1.hornetspestcontrols.com/tisacleaning/3.10/lib/python3.10/site-packages/django/views/debug.py", line 69, in technical_500_response
    html = reporter.get_traceback_html()
  File "/home/hightech/virtualenv/work1.hornetspestcontrols.com/tisacleaning/3.10/lib/python3.10/site-packages/django/views/debug.py", line 428, in get_traceback_html
    c = Context(self.get_traceback_data(), use_l10n=False)
  File "/home/hightech/virtualenv/work1.hornetspestcontrols.com/tisacleaning/3.10/lib/python3.10/site-packages/django/views/debug.py", line 411, in get_traceback_data
    c["raising_view_name"] = get_caller(self.request)
  File "/home/hightech/virtualenv/work1.hornetspestcontrols.com/tisacleaning/3.10/lib/python3.10/site-packages/django/views/debug.py", line 102, in get_caller
    resolver_match = resolve(request.path)
  File "/home/hightech/virtualenv/work1.hornetspestcontrols.com/tisacleaning/3.10/lib/python3.10/site-packages/django/urls/base.py", line 25, in resolve
    return get_resolver(urlconf).resolve(path)
  File "/home/hightech/virtualenv/work1.hornetspestcontrols.com/tisacleaning/3.10/lib/python3.10/site-packages/django/urls/resolvers.py", line 666, in resolve
    for pattern in self.url_patterns:
  File "/home/hightech/virtualenv/work1.hornetspestcontrols.com/tisacleaning/3.10/lib/python3.10/site-packages/django/utils/functional.py", line 47, in __get__
    res = instance.__dict__[self.name] = self.func(instance)
  File "/home/hightech/virtualenv/work1.hornetspestcontrols.com/tisacleaning/3.10/lib/python3.10/site-packages/django/urls/resolvers.py", line 718, in url_patterns
    patterns = getattr(self.urlconf_module, "urlpatterns", self.urlconf_module)
  File "/home/hightech/virtualenv/work1.hornetspestcontrols.com/tisacleaning/3.10/lib/python3.10/site-packages/django/utils/functional.py", line 47, in __get__
    res = instance.__dict__[self.name] = self.func(instance)
  File "/home/hightech/virtualenv/work1.hornetspestcontrols.com/tisacleaning/3.10/lib/python3.10/site-packages/django/urls/resolvers.py", line 711, in urlconf_module
    return import_module(self.urlconf_name)
  File "/opt/alt/python310/lib64/python3.10/importlib/__init__.py", line 126, in import_module
    return _bootstrap._gcd_import(name[level:], package, level)
  File "<frozen importlib._bootstrap>", line 1050, in _gcd_import
  File "<frozen importlib._bootstrap>", line 1027, in _find_and_load
  File "<frozen importlib._bootstrap>", line 1006, in _find_and_load_unlocked
  File "<frozen importlib._bootstrap>", line 688, in _load_unlocked
  File "<frozen importlib._bootstrap_external>", line 883, in exec_module
  File "<frozen importlib._bootstrap>", line 241, in _call_with_frames_removed
  File "/home/hightech/work1.hornetspestcontrols.com/tisacleaning/tisacleaning/urls.py", line 24, in <module>
    path("",include('cleaning.urls'))
  File "/home/hightech/virtualenv/work1.hornetspestcontrols.com/tisacleaning/3.10/lib/python3.10/site-packages/django/urls/conf.py", line 39, in include
    urlconf_module = import_module(urlconf_module)
  File "/opt/alt/python310/lib64/python3.10/importlib/__init__.py", line 126, in import_module
    return _bootstrap._gcd_import(name[level:], package, level)
  File "<frozen importlib._bootstrap>", line 1050, in _gcd_import
  File "<frozen importlib._bootstrap>", line 1027, in _find_and_load
  File "<frozen importlib._bootstrap>", line 1006, in _find_and_load_unlocked
  File "<frozen importlib._bootstrap>", line 688, in _load_unlocked
  File "<frozen importlib._bootstrap_external>", line 883, in exec_module
  File "<frozen importlib._bootstrap>", line 241, in _call_with_frames_removed
  File "/home/hightech/work1.hornetspestcontrols.com/tisacleaning/cleaning/urls.py", line 6, in <module>
    path("about/",about,name="about"),
NameError: name 'about' is not defined

During handling of the above exception, another exception occurred:

Traceback (most recent call last):
  File "/home/hightech/virtualenv/work1.hornetspestcontrols.com/tisacleaning/3.10/lib/python3.10/site-packages/django/core/handlers/exception.py", line 55, in inner
    response = get_response(request)
  File "/home/hightech/virtualenv/work1.hornetspestcontrols.com/tisacleaning/3.10/lib/python3.10/site-packages/django/utils/deprecation.py", line 120, in __call__
    response = response or self.get_response(request)
  File "/home/hightech/virtualenv/work1.hornetspestcontrols.com/tisacleaning/3.10/lib/python3.10/site-packages/django/core/handlers/exception.py", line 57, in inner
    response = response_for_exception(request, exc)
  File "/home/hightech/virtualenv/work1.hornetspestcontrols.com/tisacleaning/3.10/lib/python3.10/site-packages/django/core/handlers/exception.py", line 141, in response_for_exception
    response = handle_uncaught_exception(
  File "/home/hightech/virtualenv/work1.hornetspestcontrols.com/tisacleaning/3.10/lib/python3.10/site-packages/django/core/handlers/exception.py", line 182, in handle_uncaught_exception
    return debug.technical_500_response(request, *exc_info)
  File "/home/hightech/virtualenv/work1.hornetspestcontrols.com/tisacleaning/3.10/lib/python3.10/site-packages/django/views/debug.py", line 69, in technical_500_response
    html = reporter.get_traceback_html()
  File "/home/hightech/virtualenv/work1.hornetspestcontrols.com/tisacleaning/3.10/lib/python3.10/site-packages/django/views/debug.py", line 428, in get_traceback_html
    c = Context(self.get_traceback_data(), use_l10n=False)
  File "/home/hightech/virtualenv/work1.hornetspestcontrols.com/tisacleaning/3.10/lib/python3.10/site-packages/django/views/debug.py", line 411, in get_traceback_data
    c["raising_view_name"] = get_caller(self.request)
  File "/home/hightech/virtualenv/work1.hornetspestcontrols.com/tisacleaning/3.10/lib/python3.10/site-packages/django/views/debug.py", line 102, in get_caller
    resolver_match = resolve(request.path)
  File "/home/hightech/virtualenv/work1.hornetspestcontrols.com/tisacleaning/3.10/lib/python3.10/site-packages/django/urls/base.py", line 25, in resolve
    return get_resolver(urlconf).resolve(path)
  File "/home/hightech/virtualenv/work1.hornetspestcontrols.com/tisacleaning/3.10/lib/python3.10/site-packages/django/urls/resolvers.py", line 666, in resolve
    for pattern in self.url_patterns:
  File "/home/hightech/virtualenv/work1.hornetspestcontrols.com/tisacleaning/3.10/lib/python3.10/site-packages/django/utils/functional.py", line 47, in __get__
    res = instance.__dict__[self.name] = self.func(instance)
  File "/home/hightech/virtualenv/work1.hornetspestcontrols.com/tisacleaning/3.10/lib/python3.10/site-packages/django/urls/resolvers.py", line 718, in url_patterns
    patterns = getattr(self.urlconf_module, "urlpatterns", self.urlconf_module)
  File "/home/hightech/virtualenv/work1.hornetspestcontrols.com/tisacleaning/3.10/lib/python3.10/site-packages/django/utils/functional.py", line 47, in __get__
    res = instance.__dict__[self.name] = self.func(instance)
  File "/home/hightech/virtualenv/work1.hornetspestcontrols.com/tisacleaning/3.10/lib/python3.10/site-packages/django/urls/resolvers.py", line 711, in urlconf_module
    return import_module(self.urlconf_name)
  File "/opt/alt/python310/lib64/python3.10/importlib/__init__.py", line 126, in import_module
    return _bootstrap._gcd_import(name[level:], package, level)
  File "<frozen importlib._bootstrap>", line 1050, in _gcd_import
  File "<frozen importlib._bootstrap>", line 1027, in _find_and_load
  File "<frozen importlib._bootstrap>", line 1006, in _find_and_load_unlocked
  File "<frozen importlib._bootstrap>", line 688, in _load_unlocked
  File "<frozen importlib._bootstrap_external>", line 883, in exec_module
  File "<frozen importlib._bootstrap>", line 241, in _call_with_frames_removed
  File "/home/hightech/work1.hornetspestcontrols.com/tisacleaning/tisacleaning/urls.py", line 24, in <module>
    path("",include('cleaning.urls'))
  File "/home/hightech/virtualenv/work1.hornetspestcontrols.com/tisacleaning/3.10/lib/python3.10/site-packages/django/urls/conf.py", line 39, in include
    urlconf_module = import_module(urlconf_module)
  File "/opt/alt/python310/lib64/python3.10/importlib/__init__.py", line 126, in import_module
    return _bootstrap._gcd_import(name[level:], package, level)
  File "<frozen importlib._bootstrap>", line 1050, in _gcd_import
  File "<frozen importlib._bootstrap>", line 1027, in _find_and_load
  File "<frozen importlib._bootstrap>", line 1006, in _find_and_load_unlocked
  File "<frozen importlib._bootstrap>", line 688, in _load_unlocked
  File "<frozen importlib._bootstrap_external>", line 883, in exec_module
  File "<frozen importlib._bootstrap>", line 241, in _call_with_frames_removed
  File "/home/hightech/work1.hornetspestcontrols.com/tisacleaning/cleaning/urls.py", line 6, in <module>
    path("about/",about,name="about"),
NameError: name 'about' is not defined

During handling of the above exception, another exception occurred:

Traceback (most recent call last):
  File "/home/hightech/virtualenv/work1.hornetspestcontrols.com/tisacleaning/3.10/lib/python3.10/site-packages/django/core/handlers/exception.py", line 55, in inner
    response = get_response(request)
  File "/home/hightech/virtualenv/work1.hornetspestcontrols.com/tisacleaning/3.10/lib/python3.10/site-packages/django/utils/deprecation.py", line 120, in __call__
    response = response or self.get_response(request)
  File "/home/hightech/virtualenv/work1.hornetspestcontrols.com/tisacleaning/3.10/lib/python3.10/site-packages/django/core/handlers/exception.py", line 57, in inner
    response = response_for_exception(request, exc)
  File "/home/hightech/virtualenv/work1.hornetspestcontrols.com/tisacleaning/3.10/lib/python3.10/site-packages/django/core/handlers/exception.py", line 141, in response_for_exception
    response = handle_uncaught_exception(
  File "/home/hightech/virtualenv/work1.hornetspestcontrols.com/tisacleaning/3.10/lib/python3.10/site-packages/django/core/handlers/exception.py", line 182, in handle_uncaught_exception
    return debug.technical_500_response(request, *exc_info)
  File "/home/hightech/virtualenv/work1.hornetspestcontrols.com/tisacleaning/3.10/lib/python3.10/site-packages/django/views/debug.py", line 69, in technical_500_response
    html = reporter.get_traceback_html()
  File "/home/hightech/virtualenv/work1.hornetspestcontrols.com/tisacleaning/3.10/lib/python3.10/site-packages/django/views/debug.py", line 428, in get_traceback_html
    c = Context(self.get_traceback_data(), use_l10n=False)
  File "/home/hightech/virtualenv/work1.hornetspestcontrols.com/tisacleaning/3.10/lib/python3.10/site-packages/django/views/debug.py", line 411, in get_traceback_data
    c["raising_view_name"] = get_caller(self.request)
  File "/home/hightech/virtualenv/work1.hornetspestcontrols.com/tisacleaning/3.10/lib/python3.10/site-packages/django/views/debug.py", line 102, in get_caller
    resolver_match = resolve(request.path)
  File "/home/hightech/virtualenv/work1.hornetspestcontrols.com/tisacleaning/3.10/lib/python3.10/site-packages/django/urls/base.py", line 25, in resolve
    return get_resolver(urlconf).resolve(path)
  File "/home/hightech/virtualenv/work1.hornetspestcontrols.com/tisacleaning/3.10/lib/python3.10/site-packages/django/urls/resolvers.py", line 666, in resolve
    for pattern in self.url_patterns:
  File "/home/hightech/virtualenv/work1.hornetspestcontrols.com/tisacleaning/3.10/lib/python3.10/site-packages/django/utils/functional.py", line 47, in __get__
    res = instance.__dict__[self.name] = self.func(instance)
  File "/home/hightech/virtualenv/work1.hornetspestcontrols.com/tisacleaning/3.10/lib/python3.10/site-packages/django/urls/resolvers.py", line 718, in url_patterns
    patterns = getattr(self.urlconf_module, "urlpatterns", self.urlconf_module)
  File "/home/hightech/virtualenv/work1.hornetspestcontrols.com/tisacleaning/3.10/lib/python3.10/site-packages/django/utils/functional.py", line 47, in __get__
    res = instance.__dict__[self.name] = self.func(instance)
  File "/home/hightech/virtualenv/work1.hornetspestcontrols.com/tisacleaning/3.10/lib/python3.10/site-packages/django/urls/resolvers.py", line 711, in urlconf_module
    return import_module(self.urlconf_name)
  File "/opt/alt/python310/lib64/python3.10/importlib/__init__.py", line 126, in import_module
    return _bootstrap._gcd_import(name[level:], package, level)
  File "<frozen importlib._bootstrap>", line 1050, in _gcd_import
  File "<frozen importlib._bootstrap>", line 1027, in _find_and_load
  File "<frozen importlib._bootstrap>", line 1006, in _find_and_load_unlocked
  File "<frozen importlib._bootstrap>", line 688, in _load_unlocked
  File "<frozen importlib._bootstrap_external>", line 883, in exec_module
  File "<frozen importlib._bootstrap>", line 241, in _call_with_frames_removed
  File "/home/hightech/work1.hornetspestcontrols.com/tisacleaning/tisacleaning/urls.py", line 24, in <module>
    path("",include('cleaning.urls'))
  File "/home/hightech/virtualenv/work1.hornetspestcontrols.com/tisacleaning/3.10/lib/python3.10/site-packages/django/urls/conf.py", line 39, in include
    urlconf_module = import_module(urlconf_module)
  File "/opt/alt/python310/lib64/python3.10/importlib/__init__.py", line 126, in import_module
    return _bootstrap._gcd_import(name[level:], package, level)
  File "<frozen importlib._bootstrap>", line 1050, in _gcd_import
  File "<frozen importlib._bootstrap>", line 1027, in _find_and_load
  File "<frozen importlib._bootstrap>", line 1006, in _find_and_load_unlocked
  File "<frozen importlib._bootstrap>", line 688, in _load_unlocked
  File "<frozen importlib._bootstrap_external>", line 883, in exec_module
  File "<frozen importlib._bootstrap>", line 241, in _call_with_frames_removed
  File "/home/hightech/work1.hornetspestcontrols.com/tisacleaning/cleaning/urls.py", line 6, in <module>
    path("about/",about,name="about"),
NameError: name 'about' is not defined

During handling of the above exception, another exception occurred:

Traceback (most recent call last):
  File "/home/hightech/virtualenv/work1.hornetspestcontrols.com/tisacleaning/3.10/lib/python3.10/site-packages/django/core/handlers/exception.py", line 55, in inner
    response = get_response(request)
  File "/home/hightech/virtualenv/work1.hornetspestcontrols.com/tisacleaning/3.10/lib/python3.10/site-packages/django/utils/deprecation.py", line 120, in __call__
    response = response or self.get_response(request)
  File "/home/hightech/virtualenv/work1.hornetspestcontrols.com/tisacleaning/3.10/lib/python3.10/site-packages/django/core/handlers/exception.py", line 57, in inner
    response = response_for_exception(request, exc)
  File "/home/hightech/virtualenv/work1.hornetspestcontrols.com/tisacleaning/3.10/lib/python3.10/site-packages/django/core/handlers/exception.py", line 141, in response_for_exception
    response = handle_uncaught_exception(
  File "/home/hightech/virtualenv/work1.hornetspestcontrols.com/tisacleaning/3.10/lib/python3.10/site-packages/django/core/handlers/exception.py", line 182, in handle_uncaught_exception
    return debug.technical_500_response(request, *exc_info)
  File "/home/hightech/virtualenv/work1.hornetspestcontrols.com/tisacleaning/3.10/lib/python3.10/site-packages/django/views/debug.py", line 69, in technical_500_response
    html = reporter.get_traceback_html()
  File "/home/hightech/virtualenv/work1.hornetspestcontrols.com/tisacleaning/3.10/lib/python3.10/site-packages/django/views/debug.py", line 428, in get_traceback_html
    c = Context(self.get_traceback_data(), use_l10n=False)
  File "/home/hightech/virtualenv/work1.hornetspestcontrols.com/tisacleaning/3.10/lib/python3.10/site-packages/django/views/debug.py", line 411, in get_traceback_data
    c["raising_view_name"] = get_caller(self.request)
  File "/home/hightech/virtualenv/work1.hornetspestcontrols.com/tisacleaning/3.10/lib/python3.10/site-packages/django/views/debug.py", line 102, in get_caller
    resolver_match = resolve(request.path)
  File "/home/hightech/virtualenv/work1.hornetspestcontrols.com/tisacleaning/3.10/lib/python3.10/site-packages/django/urls/base.py", line 25, in resolve
    return get_resolver(urlconf).resolve(path)
  File "/home/hightech/virtualenv/work1.hornetspestcontrols.com/tisacleaning/3.10/lib/python3.10/site-packages/django/urls/resolvers.py", line 666, in resolve
    for pattern in self.url_patterns:
  File "/home/hightech/virtualenv/work1.hornetspestcontrols.com/tisacleaning/3.10/lib/python3.10/site-packages/django/utils/functional.py", line 47, in __get__
    res = instance.__dict__[self.name] = self.func(instance)
  File "/home/hightech/virtualenv/work1.hornetspestcontrols.com/tisacleaning/3.10/lib/python3.10/site-packages/django/urls/resolvers.py", line 718, in url_patterns
    patterns = getattr(self.urlconf_module, "urlpatterns", self.urlconf_module)
  File "/home/hightech/virtualenv/work1.hornetspestcontrols.com/tisacleaning/3.10/lib/python3.10/site-packages/django/utils/functional.py", line 47, in __get__
    res = instance.__dict__[self.name] = self.func(instance)
  File "/home/hightech/virtualenv/work1.hornetspestcontrols.com/tisacleaning/3.10/lib/python3.10/site-packages/django/urls/resolvers.py", line 711, in urlconf_module
    return import_module(self.urlconf_name)
  File "/opt/alt/python310/lib64/python3.10/importlib/__init__.py", line 126, in import_module
    return _bootstrap._gcd_import(name[level:], package, level)
  File "<frozen importlib._bootstrap>", line 1050, in _gcd_import
  File "<frozen importlib._bootstrap>", line 1027, in _find_and_load
  File "<frozen importlib._bootstrap>", line 1006, in _find_and_load_unlocked
  File "<frozen importlib._bootstrap>", line 688, in _load_unlocked
  File "<frozen importlib._bootstrap_external>", line 883, in exec_module
  File "<frozen importlib._bootstrap>", line 241, in _call_with_frames_removed
  File "/home/hightech/work1.hornetspestcontrols.com/tisacleaning/tisacleaning/urls.py", line 24, in <module>
    path("",include('cleaning.urls'))
  File "/home/hightech/virtualenv/work1.hornetspestcontrols.com/tisacleaning/3.10/lib/python3.10/site-packages/django/urls/conf.py", line 39, in include
    urlconf_module = import_module(urlconf_module)
  File "/opt/alt/python310/lib64/python3.10/importlib/__init__.py", line 126, in import_module
    return _bootstrap._gcd_import(name[level:], package, level)
  File "<frozen importlib._bootstrap>", line 1050, in _gcd_import
  File "<frozen importlib._bootstrap>", line 1027, in _find_and_load
  File "<frozen importlib._bootstrap>", line 1006, in _find_and_load_unlocked
  File "<frozen importlib._bootstrap>", line 688, in _load_unlocked
  File "<frozen importlib._bootstrap_external>", line 883, in exec_module
  File "<frozen importlib._bootstrap>", line 241, in _call_with_frames_removed
  File "/home/hightech/work1.hornetspestcontrols.com/tisacleaning/cleaning/urls.py", line 6, in <module>
    path("about/",about,name="about"),
NameError: name 'about' is not defined

During handling of the above exception, another exception occurred:

Traceback (most recent call last):
  File "/home/hightech/virtualenv/work1.hornetspestcontrols.com/tisacleaning/3.10/lib/python3.10/site-packages/django/core/handlers/exception.py", line 55, in inner
    response = get_response(request)
  File "/home/hightech/virtualenv/work1.hornetspestcontrols.com/tisacleaning/3.10/lib/python3.10/site-packages/django/utils/deprecation.py", line 120, in __call__
    response = response or self.get_response(request)
  File "/home/hightech/virtualenv/work1.hornetspestcontrols.com/tisacleaning/3.10/lib/python3.10/site-packages/django/core/handlers/exception.py", line 57, in inner
    response = response_for_exception(request, exc)
  File "/home/hightech/virtualenv/work1.hornetspestcontrols.com/tisacleaning/3.10/lib/python3.10/site-packages/django/core/handlers/exception.py", line 141, in response_for_exception
    response = handle_uncaught_exception(
  File "/home/hightech/virtualenv/work1.hornetspestcontrols.com/tisacleaning/3.10/lib/python3.10/site-packages/django/core/handlers/exception.py", line 182, in handle_uncaught_exception
    return debug.technical_500_response(request, *exc_info)
  File "/home/hightech/virtualenv/work1.hornetspestcontrols.com/tisacleaning/3.10/lib/python3.10/site-packages/django/views/debug.py", line 69, in technical_500_response
    html = reporter.get_traceback_html()
  File "/home/hightech/virtualenv/work1.hornetspestcontrols.com/tisacleaning/3.10/lib/python3.10/site-packages/django/views/debug.py", line 428, in get_traceback_html
    c = Context(self.get_traceback_data(), use_l10n=False)
  File "/home/hightech/virtualenv/work1.hornetspestcontrols.com/tisacleaning/3.10/lib/python3.10/site-packages/django/views/debug.py", line 411, in get_traceback_data
    c["raising_view_name"] = get_caller(self.request)
  File "/home/hightech/virtualenv/work1.hornetspestcontrols.com/tisacleaning/3.10/lib/python3.10/site-packages/django/views/debug.py", line 102, in get_caller
    resolver_match = resolve(request.path)
  File "/home/hightech/virtualenv/work1.hornetspestcontrols.com/tisacleaning/3.10/lib/python3.10/site-packages/django/urls/base.py", line 25, in resolve
    return get_resolver(urlconf).resolve(path)
  File "/home/hightech/virtualenv/work1.hornetspestcontrols.com/tisacleaning/3.10/lib/python3.10/site-packages/django/urls/resolvers.py", line 666, in resolve
    for pattern in self.url_patterns:
  File "/home/hightech/virtualenv/work1.hornetspestcontrols.com/tisacleaning/3.10/lib/python3.10/site-packages/django/utils/functional.py", line 47, in __get__
    res = instance.__dict__[self.name] = self.func(instance)
  File "/home/hightech/virtualenv/work1.hornetspestcontrols.com/tisacleaning/3.10/lib/python3.10/site-packages/django/urls/resolvers.py", line 718, in url_patterns
    patterns = getattr(self.urlconf_module, "urlpatterns", self.urlconf_module)
  File "/home/hightech/virtualenv/work1.hornetspestcontrols.com/tisacleaning/3.10/lib/python3.10/site-packages/django/utils/functional.py", line 47, in __get__
    res = instance.__dict__[self.name] = self.func(instance)
  File "/home/hightech/virtualenv/work1.hornetspestcontrols.com/tisacleaning/3.10/lib/python3.10/site-packages/django/urls/resolvers.py", line 711, in urlconf_module
    return import_module(self.urlconf_name)
  File "/opt/alt/python310/lib64/python3.10/importlib/__init__.py", line 126, in import_module
    return _bootstrap._gcd_import(name[level:], package, level)
  File "<frozen importlib._bootstrap>", line 1050, in _gcd_import
  File "<frozen importlib._bootstrap>", line 1027, in _find_and_load
  File "<frozen importlib._bootstrap>", line 1006, in _find_and_load_unlocked
  File "<frozen importlib._bootstrap>", line 688, in _load_unlocked
  File "<frozen importlib._bootstrap_external>", line 883, in exec_module
  File "<frozen importlib._bootstrap>", line 241, in _call_with_frames_removed
  File "/home/hightech/work1.hornetspestcontrols.com/tisacleaning/tisacleaning/urls.py", line 24, in <module>
    path("",include('cleaning.urls'))
  File "/home/hightech/virtualenv/work1.hornetspestcontrols.com/tisacleaning/3.10/lib/python3.10/site-packages/django/urls/conf.py", line 39, in include
    urlconf_module = import_module(urlconf_module)
  File "/opt/alt/python310/lib64/python3.10/importlib/__init__.py", line 126, in import_module
    return _bootstrap._gcd_import(name[level:], package, level)
  File "<frozen importlib._bootstrap>", line 1050, in _gcd_import
  File "<frozen importlib._bootstrap>", line 1027, in _find_and_load
  File "<frozen importlib._bootstrap>", line 1006, in _find_and_load_unlocked
  File "<frozen importlib._bootstrap>", line 688, in _load_unlocked
  File "<frozen importlib._bootstrap_external>", line 883, in exec_module
  File "<frozen importlib._bootstrap>", line 241, in _call_with_frames_removed
  File "/home/hightech/work1.hornetspestcontrols.com/tisacleaning/cleaning/urls.py", line 6, in <module>
    path("about/",about,name="about"),
NameError: name 'about' is not defined

During handling of the above exception, another exception occurred:

Traceback (most recent call last):
  File "/home/hightech/virtualenv/work1.hornetspestcontrols.com/tisacleaning/3.10/lib/python3.10/site-packages/django/core/handlers/exception.py", line 55, in inner
    response = get_response(request)
  File "/home/hightech/virtualenv/work1.hornetspestcontrols.com/tisacleaning/3.10/lib/python3.10/site-packages/django/utils/deprecation.py", line 120, in __call__
    response = response or self.get_response(request)
  File "/home/hightech/virtualenv/work1.hornetspestcontrols.com/tisacleaning/3.10/lib/python3.10/site-packages/django/core/handlers/exception.py", line 57, in inner
    response = response_for_exception(request, exc)
  File "/home/hightech/virtualenv/work1.hornetspestcontrols.com/tisacleaning/3.10/lib/python3.10/site-packages/django/core/handlers/exception.py", line 141, in response_for_exception
    response = handle_uncaught_exception(
  File "/home/hightech/virtualenv/work1.hornetspestcontrols.com/tisacleaning/3.10/lib/python3.10/site-packages/django/core/handlers/exception.py", line 182, in handle_uncaught_exception
    return debug.technical_500_response(request, *exc_info)
  File "/home/hightech/virtualenv/work1.hornetspestcontrols.com/tisacleaning/3.10/lib/python3.10/site-packages/django/views/debug.py", line 69, in technical_500_response
    html = reporter.get_traceback_html()
  File "/home/hightech/virtualenv/work1.hornetspestcontrols.com/tisacleaning/3.10/lib/python3.10/site-packages/django/views/debug.py", line 428, in get_traceback_html
    c = Context(self.get_traceback_data(), use_l10n=False)
  File "/home/hightech/virtualenv/work1.hornetspestcontrols.com/tisacleaning/3.10/lib/python3.10/site-packages/django/views/debug.py", line 411, in get_traceback_data
    c["raising_view_name"] = get_caller(self.request)
  File "/home/hightech/virtualenv/work1.hornetspestcontrols.com/tisacleaning/3.10/lib/python3.10/site-packages/django/views/debug.py", line 102, in get_caller
    resolver_match = resolve(request.path)
  File "/home/hightech/virtualenv/work1.hornetspestcontrols.com/tisacleaning/3.10/lib/python3.10/site-packages/django/urls/base.py", line 25, in resolve
    return get_resolver(urlconf).resolve(path)
  File "/home/hightech/virtualenv/work1.hornetspestcontrols.com/tisacleaning/3.10/lib/python3.10/site-packages/django/urls/resolvers.py", line 666, in resolve
    for pattern in self.url_patterns:
  File "/home/hightech/virtualenv/work1.hornetspestcontrols.com/tisacleaning/3.10/lib/python3.10/site-packages/django/utils/functional.py", line 47, in __get__
    res = instance.__dict__[self.name] = self.func(instance)
  File "/home/hightech/virtualenv/work1.hornetspestcontrols.com/tisacleaning/3.10/lib/python3.10/site-packages/django/urls/resolvers.py", line 718, in url_patterns
    patterns = getattr(self.urlconf_module, "urlpatterns", self.urlconf_module)
  File "/home/hightech/virtualenv/work1.hornetspestcontrols.com/tisacleaning/3.10/lib/python3.10/site-packages/django/utils/functional.py", line 47, in __get__
    res = instance.__dict__[self.name] = self.func(instance)
  File "/home/hightech/virtualenv/work1.hornetspestcontrols.com/tisacleaning/3.10/lib/python3.10/site-packages/django/urls/resolvers.py", line 711, in urlconf_module
    return import_module(self.urlconf_name)
  File "/opt/alt/python310/lib64/python3.10/importlib/__init__.py", line 126, in import_module
    return _bootstrap._gcd_import(name[level:], package, level)
  File "<frozen importlib._bootstrap>", line 1050, in _gcd_import
  File "<frozen importlib._bootstrap>", line 1027, in _find_and_load
  File "<frozen importlib._bootstrap>", line 1006, in _find_and_load_unlocked
  File "<frozen importlib._bootstrap>", line 688, in _load_unlocked
  File "<frozen importlib._bootstrap_external>", line 883, in exec_module
  File "<frozen importlib._bootstrap>", line 241, in _call_with_frames_removed
  File "/home/hightech/work1.hornetspestcontrols.com/tisacleaning/tisacleaning/urls.py", line 24, in <module>
    path("",include('cleaning.urls'))
  File "/home/hightech/virtualenv/work1.hornetspestcontrols.com/tisacleaning/3.10/lib/python3.10/site-packages/django/urls/conf.py", line 39, in include
    urlconf_module = import_module(urlconf_module)
  File "/opt/alt/python310/lib64/python3.10/importlib/__init__.py", line 126, in import_module
    return _bootstrap._gcd_import(name[level:], package, level)
  File "<frozen importlib._bootstrap>", line 1050, in _gcd_import
  File "<frozen importlib._bootstrap>", line 1027, in _find_and_load
  File "<frozen importlib._bootstrap>", line 1006, in _find_and_load_unlocked
  File "<frozen importlib._bootstrap>", line 688, in _load_unlocked
  File "<frozen importlib._bootstrap_external>", line 883, in exec_module
  File "<frozen importlib._bootstrap>", line 241, in _call_with_frames_removed
  File "/home/hightech/work1.hornetspestcontrols.com/tisacleaning/cleaning/urls.py", line 6, in <module>
    path("about/",about,name="about"),
NameError: name 'about' is not defined

During handling of the above exception, another exception occurred:

Traceback (most recent call last):
  File "/home/hightech/virtualenv/work1.hornetspestcontrols.com/tisacleaning/3.10/lib/python3.10/site-packages/django/core/handlers/wsgi.py", line 124, in __call__
    response = self.get_response(request)
  File "/home/hightech/virtualenv/work1.hornetspestcontrols.com/tisacleaning/3.10/lib/python3.10/site-packages/django/core/handlers/base.py", line 140, in get_response
    response = self._middleware_chain(request)
  File "/home/hightech/virtualenv/work1.hornetspestcontrols.com/tisacleaning/3.10/lib/python3.10/site-packages/django/core/handlers/exception.py", line 57, in inner
    response = response_for_exception(request, exc)
  File "/home/hightech/virtualenv/work1.hornetspestcontrols.com/tisacleaning/3.10/lib/python3.10/site-packages/django/core/handlers/exception.py", line 141, in response_for_exception
    response = handle_uncaught_exception(
  File "/home/hightech/virtualenv/work1.hornetspestcontrols.com/tisacleaning/3.10/lib/python3.10/site-packages/django/core/handlers/exception.py", line 182, in handle_uncaught_exception
    return debug.technical_500_response(request, *exc_info)
  File "/home/hightech/virtualenv/work1.hornetspestcontrols.com/tisacleaning/3.10/lib/python3.10/site-packages/django/views/debug.py", line 69, in technical_500_response
    html = reporter.get_traceback_html()
  File "/home/hightech/virtualenv/work1.hornetspestcontrols.com/tisacleaning/3.10/lib/python3.10/site-packages/django/views/debug.py", line 428, in get_traceback_html
    c = Context(self.get_traceback_data(), use_l10n=False)
  File "/home/hightech/virtualenv/work1.hornetspestcontrols.com/tisacleaning/3.10/lib/python3.10/site-packages/django/views/debug.py", line 411, in get_traceback_data
    c["raising_view_name"] = get_caller(self.request)
  File "/home/hightech/virtualenv/work1.hornetspestcontrols.com/tisacleaning/3.10/lib/python3.10/site-packages/django/views/debug.py", line 102, in get_caller
    resolver_match = resolve(request.path)
  File "/home/hightech/virtualenv/work1.hornetspestcontrols.com/tisacleaning/3.10/lib/python3.10/site-packages/django/urls/base.py", line 25, in resolve
    return get_resolver(urlconf).resolve(path)
  File "/home/hightech/virtualenv/work1.hornetspestcontrols.com/tisacleaning/3.10/lib/python3.10/site-packages/django/urls/resolvers.py", line 666, in resolve
    for pattern in self.url_patterns:
  File "/home/hightech/virtualenv/work1.hornetspestcontrols.com/tisacleaning/3.10/lib/python3.10/site-packages/django/utils/functional.py", line 47, in __get__
    res = instance.__dict__[self.name] = self.func(instance)
  File "/home/hightech/virtualenv/work1.hornetspestcontrols.com/tisacleaning/3.10/lib/python3.10/site-packages/django/urls/resolvers.py", line 718, in url_patterns
    patterns = getattr(self.urlconf_module, "urlpatterns", self.urlconf_module)
  File "/home/hightech/virtualenv/work1.hornetspestcontrols.com/tisacleaning/3.10/lib/python3.10/site-packages/django/utils/functional.py", line 47, in __get__
    res = instance.__dict__[self.name] = self.func(instance)
  File "/home/hightech/virtualenv/work1.hornetspestcontrols.com/tisacleaning/3.10/lib/python3.10/site-packages/django/urls/resolvers.py", line 711, in urlconf_module
    return import_module(self.urlconf_name)
  File "/opt/alt/python310/lib64/python3.10/importlib/__init__.py", line 126, in import_module
    return _bootstrap._gcd_import(name[level:], package, level)
  File "<frozen importlib._bootstrap>", line 1050, in _gcd_import
  File "<frozen importlib._bootstrap>", line 1027, in _find_and_load
  File "<frozen importlib._bootstrap>", line 1006, in _find_and_load_unlocked
  File "<frozen importlib._bootstrap>", line 688, in _load_unlocked
  File "<frozen importlib._bootstrap_external>", line 883, in exec_module
  File "<frozen importlib._bootstrap>", line 241, in _call_with_frames_removed
  File "/home/hightech/work1.hornetspestcontrols.com/tisacleaning/tisacleaning/urls.py", line 24, in <module>
    path("",include('cleaning.urls'))
  File "/home/hightech/virtualenv/work1.hornetspestcontrols.com/tisacleaning/3.10/lib/python3.10/site-packages/django/urls/conf.py", line 39, in include
    urlconf_module = import_module(urlconf_module)
  File "/opt/alt/python310/lib64/python3.10/importlib/__init__.py", line 126, in import_module
    return _bootstrap._gcd_import(name[level:], package, level)
  File "<frozen importlib._bootstrap>", line 1050, in _gcd_import
  File "<frozen importlib._bootstrap>", line 1027, in _find_and_load
  File "<frozen importlib._bootstrap>", line 1006, in _find_and_load_unlocked
  File "<frozen importlib._bootstrap>", line 688, in _load_unlocked
  File "<frozen importlib._bootstrap_external>", line 883, in exec_module
  File "<frozen importlib._bootstrap>", line 241, in _call_with_frames_removed
  File "/home/hightech/work1.hornetspestcontrols.com/tisacleaning/cleaning/urls.py", line 6, in <module>
    path("about/",about,name="about"),
NameError: name 'about' is not defined
Not Found: /favicon.ico
Not Found: /favicon.ico
Not Found: /favicon.ico
Not Found: /favicon.ico
Not Found: /favicon.ico
Not Found: /favicon.ico
Not Found: /favicon.ico
Not Found: /favicon.ico
Not Found: /favicon.ico
Not Found: /favicon.ico
Not Found: /favicon.ico
Not Found: /favicon.ico
Not Found: /favicon.ico
Not Found: /favicon.ico
Not Found: /favicon.ico
Not Found: /favicon.ico
Not Found: /favicon.ico
Not Found: /favicon.ico
Not Found: /favicon.ico
Not Found: /static/images/about-team.jpg
Not Found: /static/images/about-team.jpg
Not Found: /favicon.ico
Not Found: /favicon.ico
Not Found: /static/images/about-hero.jpg
Not Found: /favicon.ico
Not Found: /favicon.ico
Not Found: /favicon.ico
Not Found: /favicon.ico
Not Found: /favicon.ico
Not Found: /favicon.ico
Not Found: /favicon.ico
Not Found: /favicon.ico
Not Found: /favicon.ico
Not Found: /favicon.ico
Not Found: /favicon.ico
Not Found: /favicon.ico
Not Found: /static/images/gutter-cleaning.jpg
Not Found: /static/images/strata-cleaning.jpg
Not Found: /static/images/pressure-cleaning.jpg
Not Found: /static/images/end-lease.jpg
Not Found: /static/images/window-cleaning.jpg
Not Found: /favicon.ico
Not Found: /static/images/window-cleaning.jpg
Not Found: /static/images/gutter-cleaning.jpg
Not Found: /static/images/end-lease.jpg
Not Found: /static/images/strata-cleaning.jpg
Not Found: /static/images/pressure-cleaning.jpg
Not Found: /favicon.ico
Not Found: /favicon.ico
Not Found: /favicon.ico
Not Found: /favicon.ico
Not Found: /favicon.ico
Not Found: /favicon.ico
Not Found: /favicon.ico
Not Found: /favicon.ico
Not Found: /favicon.ico
Internal Server Error: /service/
Traceback (most recent call last):
  File "/home/hightech/virtualenv/work1.hornetspestcontrols.com/tisacleaning/3.10/lib/python3.10/site-packages/django/core/handlers/exception.py", line 55, in inner
    response = get_response(request)
  File "/home/hightech/virtualenv/work1.hornetspestcontrols.com/tisacleaning/3.10/lib/python3.10/site-packages/django/core/handlers/base.py", line 197, in _get_response
    response = wrapped_callback(request, *callback_args, **callback_kwargs)
  File "/home/hightech/work1.hornetspestcontrols.com/tisacleaning/cleaning/views.py", line 11, in service
    return render(request,"cleaning/service.html")
  File "/home/hightech/virtualenv/work1.hornetspestcontrols.com/tisacleaning/3.10/lib/python3.10/site-packages/django/shortcuts.py", line 25, in render
    content = loader.render_to_string(template_name, context, request, using=using)
  File "/home/hightech/virtualenv/work1.hornetspestcontrols.com/tisacleaning/3.10/lib/python3.10/site-packages/django/template/loader.py", line 62, in render_to_string
    return template.render(context, request)
  File "/home/hightech/virtualenv/work1.hornetspestcontrols.com/tisacleaning/3.10/lib/python3.10/site-packages/django/template/backends/django.py", line 107, in render
    return self.template.render(context)
  File "/home/hightech/virtualenv/work1.hornetspestcontrols.com/tisacleaning/3.10/lib/python3.10/site-packages/django/template/base.py", line 172, in render
    return self._render(context)
  File "/home/hightech/virtualenv/work1.hornetspestcontrols.com/tisacleaning/3.10/lib/python3.10/site-packages/django/template/base.py", line 164, in _render
    return self.nodelist.render(context)
  File "/home/hightech/virtualenv/work1.hornetspestcontrols.com/tisacleaning/3.10/lib/python3.10/site-packages/django/template/base.py", line 1018, in render
    return SafeString("".join([node.render_annotated(context) for node in self]))
  File "/home/hightech/virtualenv/work1.hornetspestcontrols.com/tisacleaning/3.10/lib/python3.10/site-packages/django/template/base.py", line 1018, in <listcomp>
    return SafeString("".join([node.render_annotated(context) for node in self]))
  File "/home/hightech/virtualenv/work1.hornetspestcontrols.com/tisacleaning/3.10/lib/python3.10/site-packages/django/template/base.py", line 979, in render_annotated
    return self.render(context)
  File "/home/hightech/virtualenv/work1.hornetspestcontrols.com/tisacleaning/3.10/lib/python3.10/site-packages/django/template/loader_tags.py", line 159, in render
    return compiled_parent._render(context)
  File "/home/hightech/virtualenv/work1.hornetspestcontrols.com/tisacleaning/3.10/lib/python3.10/site-packages/django/template/base.py", line 164, in _render
    return self.nodelist.render(context)
  File "/home/hightech/virtualenv/work1.hornetspestcontrols.com/tisacleaning/3.10/lib/python3.10/site-packages/django/template/base.py", line 1018, in render
    return SafeString("".join([node.render_annotated(context) for node in self]))
  File "/home/hightech/virtualenv/work1.hornetspestcontrols.com/tisacleaning/3.10/lib/python3.10/site-packages/django/template/base.py", line 1018, in <listcomp>
    return SafeString("".join([node.render_annotated(context) for node in self]))
  File "/home/hightech/virtualenv/work1.hornetspestcontrols.com/tisacleaning/3.10/lib/python3.10/site-packages/django/template/base.py", line 979, in render_annotated
    return self.render(context)
  File "/home/hightech/virtualenv/work1.hornetspestcontrols.com/tisacleaning/3.10/lib/python3.10/site-packages/django/template/defaulttags.py", line 480, in render
    url = reverse(view_name, args=args, kwargs=kwargs, current_app=current_app)
  File "/home/hightech/virtualenv/work1.hornetspestcontrols.com/tisacleaning/3.10/lib/python3.10/site-packages/django/urls/base.py", line 98, in reverse
    resolved_url = resolver._reverse_with_prefix(view, prefix, *args, **kwargs)
  File "/home/hightech/virtualenv/work1.hornetspestcontrols.com/tisacleaning/3.10/lib/python3.10/site-packages/django/urls/resolvers.py", line 831, in _reverse_with_prefix
    raise NoReverseMatch(msg)
django.urls.exceptions.NoReverseMatch: Reverse for 'conatct' not found. 'conatct' is not a valid view function or pattern name.
Not Found: /favicon.ico
Internal Server Error: /service/
Traceback (most recent call last):
  File "/home/hightech/virtualenv/work1.hornetspestcontrols.com/tisacleaning/3.10/lib/python3.10/site-packages/django/core/handlers/exception.py", line 55, in inner
    response = get_response(request)
  File "/home/hightech/virtualenv/work1.hornetspestcontrols.com/tisacleaning/3.10/lib/python3.10/site-packages/django/core/handlers/base.py", line 197, in _get_response
    response = wrapped_callback(request, *callback_args, **callback_kwargs)
  File "/home/hightech/work1.hornetspestcontrols.com/tisacleaning/cleaning/views.py", line 11, in service
    return render(request,"cleaning/service.html")
  File "/home/hightech/virtualenv/work1.hornetspestcontrols.com/tisacleaning/3.10/lib/python3.10/site-packages/django/shortcuts.py", line 25, in render
    content = loader.render_to_string(template_name, context, request, using=using)
  File "/home/hightech/virtualenv/work1.hornetspestcontrols.com/tisacleaning/3.10/lib/python3.10/site-packages/django/template/loader.py", line 62, in render_to_string
    return template.render(context, request)
  File "/home/hightech/virtualenv/work1.hornetspestcontrols.com/tisacleaning/3.10/lib/python3.10/site-packages/django/template/backends/django.py", line 107, in render
    return self.template.render(context)
  File "/home/hightech/virtualenv/work1.hornetspestcontrols.com/tisacleaning/3.10/lib/python3.10/site-packages/django/template/base.py", line 172, in render
    return self._render(context)
  File "/home/hightech/virtualenv/work1.hornetspestcontrols.com/tisacleaning/3.10/lib/python3.10/site-packages/django/template/base.py", line 164, in _render
    return self.nodelist.render(context)
  File "/home/hightech/virtualenv/work1.hornetspestcontrols.com/tisacleaning/3.10/lib/python3.10/site-packages/django/template/base.py", line 1018, in render
    return SafeString("".join([node.render_annotated(context) for node in self]))
  File "/home/hightech/virtualenv/work1.hornetspestcontrols.com/tisacleaning/3.10/lib/python3.10/site-packages/django/template/base.py", line 1018, in <listcomp>
    return SafeString("".join([node.render_annotated(context) for node in self]))
  File "/home/hightech/virtualenv/work1.hornetspestcontrols.com/tisacleaning/3.10/lib/python3.10/site-packages/django/template/base.py", line 979, in render_annotated
    return self.render(context)
  File "/home/hightech/virtualenv/work1.hornetspestcontrols.com/tisacleaning/3.10/lib/python3.10/site-packages/django/template/loader_tags.py", line 159, in render
    return compiled_parent._render(context)
  File "/home/hightech/virtualenv/work1.hornetspestcontrols.com/tisacleaning/3.10/lib/python3.10/site-packages/django/template/base.py", line 164, in _render
    return self.nodelist.render(context)
  File "/home/hightech/virtualenv/work1.hornetspestcontrols.com/tisacleaning/3.10/lib/python3.10/site-packages/django/template/base.py", line 1018, in render
    return SafeString("".join([node.render_annotated(context) for node in self]))
  File "/home/hightech/virtualenv/work1.hornetspestcontrols.com/tisacleaning/3.10/lib/python3.10/site-packages/django/template/base.py", line 1018, in <listcomp>
    return SafeString("".join([node.render_annotated(context) for node in self]))
  File "/home/hightech/virtualenv/work1.hornetspestcontrols.com/tisacleaning/3.10/lib/python3.10/site-packages/django/template/base.py", line 979, in render_annotated
    return self.render(context)
  File "/home/hightech/virtualenv/work1.hornetspestcontrols.com/tisacleaning/3.10/lib/python3.10/site-packages/django/template/defaulttags.py", line 480, in render
    url = reverse(view_name, args=args, kwargs=kwargs, current_app=current_app)
  File "/home/hightech/virtualenv/work1.hornetspestcontrols.com/tisacleaning/3.10/lib/python3.10/site-packages/django/urls/base.py", line 98, in reverse
    resolved_url = resolver._reverse_with_prefix(view, prefix, *args, **kwargs)
  File "/home/hightech/virtualenv/work1.hornetspestcontrols.com/tisacleaning/3.10/lib/python3.10/site-packages/django/urls/resolvers.py", line 831, in _reverse_with_prefix
    raise NoReverseMatch(msg)
django.urls.exceptions.NoReverseMatch: Reverse for 'conatct' not found. 'conatct' is not a valid view function or pattern name.
Not Found: /favicon.ico
Not Found: /favicon.ico
Not Found: /favicon.ico
Not Found: /static/images/before.jpg
Not Found: /static/images/after.jpg
Not Found: /favicon.ico
Not Found: /favicon.ico
Not Found: /static/images/before.jpg
Not Found: /static/images/after.jpg
Not Found: /static/images/before.jpg
Not Found: /static/images/after.jpg
Not Found: /favicon.ico
Not Found: /favicon.ico
Not Found: /favicon.ico
Not Found: /favicon.ico
Not Found: /favicon.ico
Not Found: /favicon.ico
Not Found: /favicon.ico
Not Found: /favicon.ico
Not Found: /favicon.ico
Not Found: /favicon.ico
Not Found: /favicon.ico
Not Found: /favicon.ico
Not Found: /favicon.ico
Not Found: /favicon.ico
Not Found: /favicon.ico
Not Found: /favicon.ico
Not Found: /favicon.ico
Not Found: /favicon.ico
Not Found: /favicon.ico
Not Found: /favicon.ico
Not Found: /favicon.ico
Not Found: /favicon.ico
Not Found: /favicon.ico
Not Found: /favicon.ico
Not Found: /favicon.ico
Not Found: /favicon.ico
Not Found: /favicon.ico
Not Found: /favicon.ico
Not Found: /favicon.ico
Not Found: /favicon.ico
Not Found: /favicon.ico
